Employee ID,Name,Department,Salary,Joining Date,Performance Score
1000,Emp_0,Finance,20951,2015-01-31,2
1001,Emp_1,HR,36146,2015-02-28,1
1002,Emp_2,IT,92681,2015-03-31,4
1003,Emp_3,Sales,29117,2015-04-30,2
1004,Emp_4,HR,72057,2015-05-31,5
1005,Emp_5,HR,54346,2015-06-30,5
1006,Emp_6,HR,86716,2015-07-31,2
1007,Emp_7,IT,54582,2015-08-31,4
1008,Emp_8,IT,48999,2015-09-30,8
1009,Emp_9,Sales,82371,2015-10-31,4
1010,Emp_10,Finance,44316,2015-11-30,9
1011,Emp_11,Sales,43238,2015-12-31,8
1012,Emp_12,IT,88890,2016-01-31,1
1013,Emp_13,IT,91050,2016-02-29,5
1014,Emp_14,Finance,76746,2016-03-31,9
1015,Emp_15,IT,97438,2016-04-30,5
1016,Emp_16,Sales,36120,2016-05-31,5
1017,Emp_17,Finance,74649,2016-06-30,3
1018,Emp_18,HR,49288,2016-07-31,8
1019,Emp_19,HR,92323,2016-08-31,5
1020,Emp_20,HR,29053,2016-09-30,4
1021,Emp_21,IT,85869,2016-10-31,8
1022,Emp_22,Sales,41953,2016-11-30,4
1023,Emp_23,Finance,35818,2016-12-31,9
1024,Emp_24,HR,84305,2017-01-31,3
1025,Emp_25,Finance,52910,2017-02-28,1
1026,Emp_26,IT,55685,2017-03-31,6
1027,Emp_27,Finance,78160,2017-04-30,3
1028,Emp_28,Finance,95868,2017-05-31,7
1029,Emp_29,Finance,56110,2017-06-30,8
1030,Emp_30,Finance,94304,2017-07-31,6
1031,Emp_31,Sales,88290,2017-08-31,7
1032,Emp_32,HR,26902,2017-09-30,3
1033,Emp_33,IT,40207,2017-10-31,6
1034,Emp_34,Sales,20351,2017-11-30,7
1035,Emp_35,Finance,99080,2017-12-31,9
1036,Emp_36,IT,66469,2018-01-31,9
1037,Emp_37,HR,58801,2018-02-28,2
1038,Emp_38,Finance,64815,2018-03-31,1
1039,Emp_39,IT,43232,2018-04-30,8
1040,Emp_40,IT,24203,2018-05-31,6
1041,Emp_41,Finance,88209,2018-06-30,8
1042,Emp_42,HR,53746,2018-07-31,2
1043,Emp_43,Sales,54415,2018-08-31,8
1044,Emp_44,Finance,58106,2018-09-30,5
1045,Emp_45,Sales,29194,2018-10-31,1
1046,Emp_46,HR,91376,2018-11-30,3
1047,Emp_47,Sales,31572,2018-12-31,5
1048,Emp_48,IT,34632,2019-01-31,4
1049,Emp_49,Sales,34703,2019-02-28,8
1050,Emp_50,Sales,65452,2019-03-31,8
1051,Emp_51,HR,84542,2019-04-30,8
1052,Emp_52,IT,78016,2019-05-31,6
1053,Emp_53,HR,61897,2019-06-30,7
1054,Emp_54,Finance,37386,2019-07-31,4
1055,Emp_55,IT,33211,2019-08-31,9
1056,Emp_56,IT,71388,2019-09-30,1
1057,Emp_57,Sales,94231,2019-10-31,6
1058,Emp_58,Finance,33294,2019-11-30,6
1059,Emp_59,HR,50481,2019-12-31,7
1060,Emp_60,HR,31102,2020-01-31,6
1061,Emp_61,Sales,76757,2020-02-29,3
1062,Emp_62,Finance,90760,2020-03-31,8
1063,Emp_63,HR,97259,2020-04-30,9
1064,Emp_64,HR,21699,2020-05-31,4
1065,Emp_65,IT,29623,2020-06-30,6
1066,Emp_66,Finance,83179,2020-07-31,3
1067,Emp_67,HR,34486,2020-08-31,1
1068,Emp_68,Sales,97559,2020-09-30,6
1069,Emp_69,IT,27337,2020-10-31,4
1070,Emp_70,HR,88719,2020-11-30,4
1071,Emp_71,HR,50591,2020-12-31,3
1072,Emp_72,Sales,73026,2021-01-31,6
1073,Emp_73,IT,88680,2021-02-28,3
1074,Emp_74,IT,55712,2021-03-31,9
1075,Emp_75,Finance,98564,2021-04-30,5
1076,Emp_76,IT,68996,2021-05-31,3
1077,Emp_77,IT,71995,2021-06-30,9
1078,Emp_78,IT,59702,2021-07-31,9
1079,Emp_79,IT,86846,2021-08-31,3
1080,Emp_80,IT,95890,2021-09-30,8
1081,Emp_81,Sales,69518,2021-10-31,8
1082,Emp_82,Finance,33272,2021-11-30,8
1083,Emp_83,Sales,77392,2021-12-31,3
1084,Emp_84,HR,54048,2022-01-31,1
1085,Emp_85,HR,26003,2022-02-28,8
1086,Emp_86,Sales,43723,2022-03-31,7
1087,Emp_87,Sales,27133,2022-04-30,5
1088,Emp_88,HR,54587,2022-05-31,8
1089,Emp_89,Sales,34980,2022-06-30,8
1090,Emp_90,HR,79277,2022-07-31,8
1091,Emp_91,HR,61758,2022-08-31,8
1092,Emp_92,HR,96441,2022-09-30,3
1093,Emp_93,Finance,57102,2022-10-31,4
1094,Emp_94,Finance,93929,2022-11-30,8
1095,Emp_95,Sales,49629,2022-12-31,9
1096,Emp_96,Sales,51754,2023-01-31,8
1097,Emp_97,HR,74396,2023-02-28,9
1098,Emp_98,Sales,50361,2023-03-31,8
1099,Emp_99,IT,71705,2023-04-30,2
1100,Emp_100,IT,37354,2023-05-31,8
1101,Emp_101,Finance,55362,2023-06-30,1
1102,Emp_102,HR,53882,2023-07-31,7
1103,Emp_103,IT,29258,2023-08-31,6
1104,Emp_104,IT,29190,2023-09-30,1
1105,Emp_105,HR,91770,2023-10-31,8
1106,Emp_106,IT,26220,2023-11-30,1
1107,Emp_107,HR,61276,2023-12-31,4
1108,Emp_108,Finance,26423,2024-01-31,1
1109,Emp_109,Finance,63366,2024-02-29,9
1110,Emp_110,HR,73302,2024-03-31,1
1111,Emp_111,HR,35751,2024-04-30,6
1112,Emp_112,Finance,23688,2024-05-31,6
1113,Emp_113,HR,32380,2024-06-30,3
1114,Emp_114,HR,63031,2024-07-31,5
1115,Emp_115,HR,74111,2024-08-31,9
1116,Emp_116,Sales,86881,2024-09-30,7
1117,Emp_117,Finance,59853,2024-10-31,5
1118,Emp_118,Finance,49035,2024-11-30,8
1119,Emp_119,HR,91418,2024-12-31,1
1120,Emp_120,HR,91905,2025-01-31,7
1121,Emp_121,Sales,91084,2025-02-28,8
1122,Emp_122,IT,90513,2025-03-31,8
1123,Emp_123,IT,35743,2025-04-30,8
1124,Emp_124,IT,71799,2025-05-31,2
1125,Emp_125,HR,70264,2025-06-30,7
1126,Emp_126,HR,78257,2025-07-31,3
1127,Emp_127,Sales,66784,2025-08-31,7
1128,Emp_128,IT,46348,2025-09-30,4
1129,Emp_129,HR,97928,2025-10-31,6
1130,Emp_130,HR,38566,2025-11-30,5
1131,Emp_131,IT,98628,2025-12-31,4
1132,Emp_132,IT,79057,2026-01-31,6
1133,Emp_133,Sales,36479,2026-02-28,7
1134,Emp_134,Sales,57863,2026-03-31,3
1135,Emp_135,HR,73920,2026-04-30,1
1136,Emp_136,HR,32654,2026-05-31,8
1137,Emp_137,Sales,35992,2026-06-30,8
1138,Emp_138,Sales,56717,2026-07-31,8
1139,Emp_139,HR,70913,2026-08-31,2
1140,Emp_140,Finance,86599,2026-09-30,2
1141,Emp_141,HR,29547,2026-10-31,5
1142,Emp_142,HR,71233,2026-11-30,8
1143,Emp_143,HR,39607,2026-12-31,7
1144,Emp_144,HR,32065,2027-01-31,5
1145,Emp_145,HR,94723,2027-02-28,7
1146,Emp_146,HR,50130,2027-03-31,3
1147,Emp_147,Sales,29765,2027-04-30,6
1148,Emp_148,Sales,85881,2027-05-31,1
1149,Emp_149,HR,31842,2027-06-30,9
1150,Emp_150,HR,34306,2027-07-31,1
1151,Emp_151,Finance,28089,2027-08-31,7
1152,Emp_152,Sales,41475,2027-09-30,6
1153,Emp_153,Finance,84778,2027-10-31,1
1154,Emp_154,IT,54612,2027-11-30,4
1155,Emp_155,Sales,76687,2027-12-31,4
1156,Emp_156,IT,88275,2028-01-31,1
1157,Emp_157,Finance,64601,2028-02-29,6
1158,Emp_158,HR,24048,2028-03-31,4
1159,Emp_159,IT,89111,2028-04-30,3
1160,Emp_160,Finance,46066,2028-05-31,5
1161,Emp_161,Sales,76136,2028-06-30,1
1162,Emp_162,Finance,98853,2028-07-31,9
1163,Emp_163,Sales,27609,2028-08-31,2
1164,Emp_164,Sales,23493,2028-09-30,6
1165,Emp_165,HR,71219,2028-10-31,2
1166,Emp_166,Finance,31769,2028-11-30,3
1167,Emp_167,IT,71044,2028-12-31,3
1168,Emp_168,Finance,93981,2029-01-31,2
1169,Emp_169,HR,33134,2029-02-28,9
1170,Emp_170,Sales,42011,2029-03-31,6
1171,Emp_171,Sales,95479,2029-04-30,2
1172,Emp_172,IT,98971,2029-05-31,7
1173,Emp_173,IT,40293,2029-06-30,1
1174,Emp_174,Sales,26764,2029-07-31,6
1175,Emp_175,HR,67602,2029-08-31,7
1176,Emp_176,HR,50383,2029-09-30,3
1177,Emp_177,HR,43857,2029-10-31,7
1178,Emp_178,HR,61803,2029-11-30,6
1179,Emp_179,HR,33924,2029-12-31,3
1180,Emp_180,Sales,90889,2030-01-31,8
1181,Emp_181,IT,90594,2030-02-28,1
1182,Emp_182,Sales,70724,2030-03-31,6
1183,Emp_183,HR,66001,2030-04-30,5
1184,Emp_184,HR,49501,2030-05-31,1
1185,Emp_185,HR,97784,2030-06-30,5
1186,Emp_186,HR,83471,2030-07-31,6
1187,Emp_187,Finance,86457,2030-08-31,6
1188,Emp_188,HR,96116,2030-09-30,6
1189,Emp_189,Sales,60748,2030-10-31,3
1190,Emp_190,HR,49479,2030-11-30,3
1191,Emp_191,IT,45939,2030-12-31,3
1192,Emp_192,Finance,24106,2031-01-31,6
1193,Emp_193,Finance,63367,2031-02-28,9
1194,Emp_194,HR,83006,2031-03-31,2
1195,Emp_195,IT,75514,2031-04-30,2
1196,Emp_196,HR,44729,2031-05-31,3
1197,Emp_197,Sales,58371,2031-06-30,8
1198,Emp_198,Sales,29956,2031-07-31,8
1199,Emp_199,IT,51419,2031-08-31,5
1200,Emp_200,Finance,89879,2031-09-30,5
1201,Emp_201,IT,31413,2031-10-31,3
1202,Emp_202,IT,67613,2031-11-30,6
1203,Emp_203,HR,95723,2031-12-31,9
1204,Emp_204,IT,65003,2032-01-31,5
1205,Emp_205,Finance,75290,2032-02-29,4
1206,Emp_206,HR,74981,2032-03-31,8
1207,Emp_207,Sales,56031,2032-04-30,1
1208,Emp_208,HR,66838,2032-05-31,3
1209,Emp_209,HR,84406,2032-06-30,8
1210,Emp_210,IT,42697,2032-07-31,1
1211,Emp_211,Finance,56784,2032-08-31,3
1212,Emp_212,HR,40569,2032-09-30,1
1213,Emp_213,HR,51683,2032-10-31,3
1214,Emp_214,Finance,64648,2032-11-30,1
1215,Emp_215,HR,54909,2032-12-31,8
1216,Emp_216,HR,50389,2033-01-31,3
1217,Emp_217,Finance,75944,2033-02-28,6
1218,Emp_218,HR,81910,2033-03-31,7
1219,Emp_219,Finance,68257,2033-04-30,7
1220,Emp_220,IT,63287,2033-05-31,4
1221,Emp_221,HR,63750,2033-06-30,3
1222,Emp_222,HR,83606,2033-07-31,1
1223,Emp_223,IT,54604,2033-08-31,3
1224,Emp_224,Finance,95901,2033-09-30,4
1225,Emp_225,Sales,68359,2033-10-31,5
1226,Emp_226,HR,94602,2033-11-30,7
1227,Emp_227,Sales,22768,2033-12-31,3
1228,Emp_228,HR,50901,2034-01-31,4
1229,Emp_229,Sales,65777,2034-02-28,2
1230,Emp_230,HR,48373,2034-03-31,8
1231,Emp_231,IT,93996,2034-04-30,7
1232,Emp_232,HR,51797,2034-05-31,6
1233,Emp_233,IT,42154,2034-06-30,6
1234,Emp_234,Sales,21753,2034-07-31,7
1235,Emp_235,Finance,86941,2034-08-31,2
1236,Emp_236,Sales,82305,2034-09-30,3
1237,Emp_237,HR,29885,2034-10-31,2
1238,Emp_238,Sales,97358,2034-11-30,9
1239,Emp_239,Finance,43778,2034-12-31,7
1240,Emp_240,IT,32257,2035-01-31,5
1241,Emp_241,HR,93902,2035-02-28,5
1242,Emp_242,IT,47251,2035-03-31,4
1243,Emp_243,Sales,20735,2035-04-30,2
1244,Emp_244,Sales,22689,2035-05-31,7
1245,Emp_245,IT,86269,2035-06-30,4
1246,Emp_246,Sales,51846,2035-07-31,6
1247,Emp_247,HR,34251,2035-08-31,1
1248,Emp_248,Sales,26979,2035-09-30,5
1249,Emp_249,Finance,40673,2035-10-31,7
1250,Emp_250,Sales,28576,2035-11-30,9
1251,Emp_251,IT,85616,2035-12-31,9
1252,Emp_252,IT,57294,2036-01-31,7
1253,Emp_253,IT,61595,2036-02-29,2
1254,Emp_254,HR,31426,2036-03-31,7
1255,Emp_255,HR,97866,2036-04-30,2
1256,Emp_256,HR,83603,2036-05-31,9
1257,Emp_257,Sales,53052,2036-06-30,5
1258,Emp_258,HR,52213,2036-07-31,3
1259,Emp_259,Sales,23297,2036-08-31,1
1260,Emp_260,Finance,35434,2036-09-30,7
1261,Emp_261,HR,80398,2036-10-31,5
1262,Emp_262,IT,27365,2036-11-30,9
1263,Emp_263,Finance,75016,2036-12-31,3
1264,Emp_264,Sales,51741,2037-01-31,6
1265,Emp_265,HR,30910,2037-02-28,9
1266,Emp_266,HR,94198,2037-03-31,1
1267,Emp_267,HR,32873,2037-04-30,9
1268,Emp_268,Sales,62977,2037-05-31,3
1269,Emp_269,Finance,93208,2037-06-30,7
1270,Emp_270,Finance,30896,2037-07-31,5
1271,Emp_271,Sales,94405,2037-08-31,8
1272,Emp_272,Sales,80819,2037-09-30,2
1273,Emp_273,IT,98291,2037-10-31,5
1274,Emp_274,HR,72765,2037-11-30,8
1275,Emp_275,IT,96695,2037-12-31,6
1276,Emp_276,HR,69886,2038-01-31,4
1277,Emp_277,IT,99952,2038-02-28,9
1278,Emp_278,Finance,40900,2038-03-31,4
1279,Emp_279,Sales,69761,2038-04-30,4
1280,Emp_280,IT,68195,2038-05-31,6
1281,Emp_281,HR,40581,2038-06-30,1
1282,Emp_282,IT,69401,2038-07-31,5
1283,Emp_283,Sales,91301,2038-08-31,4
1284,Emp_284,HR,94166,2038-09-30,5
1285,Emp_285,IT,48676,2038-10-31,4
1286,Emp_286,IT,48890,2038-11-30,8
1287,Emp_287,HR,23306,2038-12-31,7
1288,Emp_288,HR,34633,2039-01-31,1
1289,Emp_289,Finance,79334,2039-02-28,3
1290,Emp_290,IT,64507,2039-03-31,4
1291,Emp_291,Sales,20769,2039-04-30,4
1292,Emp_292,IT,52144,2039-05-31,4
1293,Emp_293,Finance,86993,2039-06-30,9
1294,Emp_294,IT,64856,2039-07-31,2
1295,Emp_295,Finance,58791,2039-08-31,6
1296,Emp_296,Finance,31390,2039-09-30,8
1297,Emp_297,Finance,41785,2039-10-31,6
1298,Emp_298,IT,22801,2039-11-30,3
1299,Emp_299,Finance,76896,2039-12-31,7
1300,Emp_300,Sales,78383,2040-01-31,3
1301,Emp_301,Finance,77198,2040-02-29,2
1302,Emp_302,Finance,25994,2040-03-31,1
1303,Emp_303,HR,25235,2040-04-30,5
1304,Emp_304,Sales,63866,2040-05-31,4
1305,Emp_305,Finance,92823,2040-06-30,9
1306,Emp_306,Sales,67486,2040-07-31,4
1307,Emp_307,IT,75496,2040-08-31,2
1308,Emp_308,IT,80597,2040-09-30,8
1309,Emp_309,IT,86263,2040-10-31,9
1310,Emp_310,Sales,59056,2040-11-30,9
1311,Emp_311,HR,33867,2040-12-31,7
1312,Emp_312,HR,83420,2041-01-31,3
1313,Emp_313,IT,22689,2041-02-28,2
1314,Emp_314,Finance,66979,2041-03-31,1
1315,Emp_315,IT,55817,2041-04-30,6
1316,Emp_316,Sales,81999,2041-05-31,4
1317,Emp_317,HR,67141,2041-06-30,9
1318,Emp_318,Finance,49282,2041-07-31,5
1319,Emp_319,Sales,85042,2041-08-31,8
1320,Emp_320,Finance,49093,2041-09-30,6
1321,Emp_321,IT,84878,2041-10-31,9
1322,Emp_322,HR,80171,2041-11-30,9
1323,Emp_323,HR,71104,2041-12-31,6
1324,Emp_324,Finance,27570,2042-01-31,2
1325,Emp_325,HR,41182,2042-02-28,9
1326,Emp_326,IT,48076,2042-03-31,4
1327,Emp_327,Sales,65340,2042-04-30,9
1328,Emp_328,HR,83453,2042-05-31,7
1329,Emp_329,IT,81493,2042-06-30,6
1330,Emp_330,Finance,80224,2042-07-31,3
1331,Emp_331,HR,66513,2042-08-31,4
1332,Emp_332,Finance,88403,2042-09-30,5
1333,Emp_333,Sales,91604,2042-10-31,2
1334,Emp_334,HR,34510,2042-11-30,7
1335,Emp_335,HR,67491,2042-12-31,2
1336,Emp_336,Finance,63436,2043-01-31,2
1337,Emp_337,Sales,91666,2043-02-28,8
1338,Emp_338,Sales,28108,2043-03-31,9
1339,Emp_339,Sales,98968,2043-04-30,9
1340,Emp_340,Finance,74735,2043-05-31,4
1341,Emp_341,Finance,55619,2043-06-30,8
1342,Emp_342,HR,94907,2043-07-31,4
1343,Emp_343,Sales,37638,2043-08-31,8
1344,Emp_344,Finance,78124,2043-09-30,3
1345,Emp_345,IT,97611,2043-10-31,3
1346,Emp_346,HR,83224,2043-11-30,2
1347,Emp_347,Finance,57654,2043-12-31,3
1348,Emp_348,Finance,95161,2044-01-31,3
1349,Emp_349,Sales,75292,2044-02-29,4
1350,Emp_350,Finance,45409,2044-03-31,5
1351,Emp_351,Sales,45541,2044-04-30,5
1352,Emp_352,IT,47865,2044-05-31,2
1353,Emp_353,IT,78241,2044-06-30,4
1354,Emp_354,Finance,53559,2044-07-31,5
1355,Emp_355,HR,45991,2044-08-31,6
1356,Emp_356,Finance,33811,2044-09-30,6
1357,Emp_357,Sales,58470,2044-10-31,5
1358,Emp_358,IT,32028,2044-11-30,9
1359,Emp_359,HR,83012,2044-12-31,9
1360,Emp_360,Finance,20900,2045-01-31,8
1361,Emp_361,Finance,44834,2045-02-28,3
1362,Emp_362,HR,36795,2045-03-31,1
1363,Emp_363,Finance,42430,2045-04-30,3
1364,Emp_364,Finance,86540,2045-05-31,7
1365,Emp_365,Sales,52109,2045-06-30,2
1366,Emp_366,HR,55982,2045-07-31,9
1367,Emp_367,IT,78119,2045-08-31,9
1368,Emp_368,Finance,23299,2045-09-30,7
1369,Emp_369,Sales,96418,2045-10-31,2
1370,Emp_370,Sales,47111,2045-11-30,4
1371,Emp_371,IT,57777,2045-12-31,4
1372,Emp_372,Sales,79260,2046-01-31,3
1373,Emp_373,HR,85872,2046-02-28,3
1374,Emp_374,HR,44813,2046-03-31,2
1375,Emp_375,HR,66629,2046-04-30,2
1376,Emp_376,HR,84094,2046-05-31,3
1377,Emp_377,IT,39291,2046-06-30,7
1378,Emp_378,HR,82544,2046-07-31,5
1379,Emp_379,Finance,51133,2046-08-31,7
1380,Emp_380,IT,65685,2046-09-30,3
1381,Emp_381,HR,69332,2046-10-31,1
1382,Emp_382,IT,94795,2046-11-30,9
1383,Emp_383,Finance,38999,2046-12-31,9
1384,Emp_384,Finance,38481,2047-01-31,5
1385,Emp_385,IT,56428,2047-02-28,2
1386,Emp_386,HR,91794,2047-03-31,7
1387,Emp_387,HR,25403,2047-04-30,1
1388,Emp_388,Sales,53252,2047-05-31,2
1389,Emp_389,IT,60506,2047-06-30,9
1390,Emp_390,IT,58187,2047-07-31,7
1391,Emp_391,HR,47517,2047-08-31,9
1392,Emp_392,Finance,96064,2047-09-30,9
1393,Emp_393,IT,82736,2047-10-31,5
1394,Emp_394,IT,77698,2047-11-30,7
1395,Emp_395,IT,75304,2047-12-31,4
1396,Emp_396,IT,97960,2048-01-31,4
1397,Emp_397,Sales,60844,2048-02-29,5
1398,Emp_398,IT,60952,2048-03-31,1
1399,Emp_399,Finance,97485,2048-04-30,9
1400,Emp_400,Sales,74944,2048-05-31,4
1401,Emp_401,IT,48557,2048-06-30,3
1402,Emp_402,HR,84734,2048-07-31,5
1403,Emp_403,IT,79180,2048-08-31,5
1404,Emp_404,Sales,95685,2048-09-30,8
1405,Emp_405,Sales,88121,2048-10-31,7
1406,Emp_406,HR,47598,2048-11-30,5
1407,Emp_407,Sales,94158,2048-12-31,3
1408,Emp_408,Sales,97480,2049-01-31,7
1409,Emp_409,IT,28676,2049-02-28,6
1410,Emp_410,IT,42390,2049-03-31,7
1411,Emp_411,Sales,40786,2049-04-30,1
1412,Emp_412,Finance,66352,2049-05-31,1
1413,Emp_413,Finance,91506,2049-06-30,8
1414,Emp_414,IT,37652,2049-07-31,7
1415,Emp_415,Finance,26648,2049-08-31,5
1416,Emp_416,HR,68653,2049-09-30,8
1417,Emp_417,Sales,64763,2049-10-31,7
1418,Emp_418,Finance,51788,2049-11-30,1
1419,Emp_419,IT,84883,2049-12-31,3
1420,Emp_420,Sales,80124,2050-01-31,5
1421,Emp_421,IT,35512,2050-02-28,6
1422,Emp_422,Sales,70683,2050-03-31,4
1423,Emp_423,Finance,63973,2050-04-30,7
1424,Emp_424,Finance,53836,2050-05-31,2
1425,Emp_425,Sales,25996,2050-06-30,6
1426,Emp_426,HR,32366,2050-07-31,6
1427,Emp_427,Finance,81920,2050-08-31,6
1428,Emp_428,Sales,63710,2050-09-30,9
1429,Emp_429,IT,55878,2050-10-31,4
1430,Emp_430,Finance,20717,2050-11-30,1
1431,Emp_431,Sales,63493,2050-12-31,9
1432,Emp_432,Sales,35202,2051-01-31,2
1433,Emp_433,HR,65668,2051-02-28,1
1434,Emp_434,HR,31403,2051-03-31,9
1435,Emp_435,Finance,52814,2051-04-30,1
1436,Emp_436,IT,52432,2051-05-31,6
1437,Emp_437,Finance,45672,2051-06-30,3
1438,Emp_438,Finance,35000,2051-07-31,6
1439,Emp_439,Sales,48671,2051-08-31,5
1440,Emp_440,Finance,72249,2051-09-30,1
1441,Emp_441,IT,28496,2051-10-31,4
1442,Emp_442,Sales,50756,2051-11-30,4
1443,Emp_443,IT,93714,2051-12-31,1
1444,Emp_444,Finance,73072,2052-01-31,5
1445,Emp_445,HR,39383,2052-02-29,3
1446,Emp_446,Sales,46823,2052-03-31,8
1447,Emp_447,IT,24730,2052-04-30,9
1448,Emp_448,Finance,54937,2052-05-31,5
1449,Emp_449,HR,81536,2052-06-30,2
1450,Emp_450,Sales,78212,2052-07-31,7
1451,Emp_451,Finance,21864,2052-08-31,6
1452,Emp_452,IT,30260,2052-09-30,2
1453,Emp_453,Sales,70660,2052-10-31,9
1454,Emp_454,IT,67782,2052-11-30,5
1455,Emp_455,Finance,23888,2052-12-31,6
1456,Emp_456,Finance,43267,2053-01-31,5
1457,Emp_457,Sales,21322,2053-02-28,5
1458,Emp_458,IT,92324,2053-03-31,1
1459,Emp_459,IT,59839,2053-04-30,2
1460,Emp_460,HR,97654,2053-05-31,1
1461,Emp_461,Finance,89110,2053-06-30,7
1462,Emp_462,IT,62105,2053-07-31,2
1463,Emp_463,Finance,87074,2053-08-31,8
1464,Emp_464,Finance,51722,2053-09-30,2
1465,Emp_465,Finance,91886,2053-10-31,9
1466,Emp_466,HR,48760,2053-11-30,7
1467,Emp_467,HR,72944,2053-12-31,3
1468,Emp_468,IT,38465,2054-01-31,2
1469,Emp_469,Sales,46831,2054-02-28,6
1470,Emp_470,Finance,64068,2054-03-31,1
1471,Emp_471,Finance,59894,2054-04-30,9
1472,Emp_472,HR,66428,2054-05-31,7
1473,Emp_473,IT,50109,2054-06-30,5
1474,Emp_474,Finance,21936,2054-07-31,2
1475,Emp_475,HR,81247,2054-08-31,3
1476,Emp_476,HR,85863,2054-09-30,4
1477,Emp_477,IT,47382,2054-10-31,3
1478,Emp_478,HR,61472,2054-11-30,9
1479,Emp_479,Sales,40874,2054-12-31,6
1480,Emp_480,IT,59957,2055-01-31,8
1481,Emp_481,Finance,56613,2055-02-28,3
1482,Emp_482,Finance,48461,2055-03-31,5
1483,Emp_483,IT,94658,2055-04-30,1
1484,Emp_484,Sales,40112,2055-05-31,3
1485,Emp_485,IT,65506,2055-06-30,4
1486,Emp_486,Sales,43307,2055-07-31,6
1487,Emp_487,Sales,80312,2055-08-31,9
1488,Emp_488,Sales,74790,2055-09-30,6
1489,Emp_489,Sales,32685,2055-10-31,3
1490,Emp_490,Finance,31193,2055-11-30,9
1491,Emp_491,IT,68190,2055-12-31,9
1492,Emp_492,Sales,30173,2056-01-31,3
1493,Emp_493,IT,95911,2056-02-29,7
1494,Emp_494,HR,54905,2056-03-31,2
1495,Emp_495,Sales,79536,2056-04-30,5
1496,Emp_496,Finance,68565,2056-05-31,5
1497,Emp_497,HR,53554,2056-06-30,4
1498,Emp_498,Finance,45079,2056-07-31,6
1499,Emp_499,Finance,84640,2056-08-31,2
1500,Emp_500,Finance,43947,2056-09-30,9
1501,Emp_501,Finance,63428,2056-10-31,6
1502,Emp_502,HR,31986,2056-11-30,8
1503,Emp_503,Sales,82224,2056-12-31,6
1504,Emp_504,Sales,63307,2057-01-31,4
1505,Emp_505,IT,57703,2057-02-28,6
1506,Emp_506,HR,65662,2057-03-31,3
1507,Emp_507,HR,96383,2057-04-30,6
1508,Emp_508,Finance,25898,2057-05-31,2
1509,Emp_509,Finance,45155,2057-06-30,8
1510,Emp_510,IT,91427,2057-07-31,6
1511,Emp_511,Finance,98316,2057-08-31,9
1512,Emp_512,Finance,95141,2057-09-30,9
1513,Emp_513,HR,44491,2057-10-31,5
1514,Emp_514,IT,35421,2057-11-30,5
1515,Emp_515,Sales,45172,2057-12-31,5
1516,Emp_516,IT,38712,2058-01-31,1
1517,Emp_517,HR,30763,2058-02-28,6
1518,Emp_518,HR,28677,2058-03-31,1
1519,Emp_519,Finance,48952,2058-04-30,3
1520,Emp_520,Finance,91990,2058-05-31,2
1521,Emp_521,HR,22291,2058-06-30,1
1522,Emp_522,IT,24895,2058-07-31,2
1523,Emp_523,HR,31140,2058-08-31,3
1524,Emp_524,Sales,42475,2058-09-30,9
1525,Emp_525,Sales,32626,2058-10-31,7
1526,Emp_526,HR,37646,2058-11-30,1
1527,Emp_527,HR,86063,2058-12-31,4
1528,Emp_528,Sales,40144,2059-01-31,8
1529,Emp_529,Finance,75098,2059-02-28,2
1530,Emp_530,Sales,67168,2059-03-31,9
1531,Emp_531,HR,38084,2059-04-30,1
1532,Emp_532,IT,80450,2059-05-31,4
1533,Emp_533,Finance,85683,2059-06-30,7
1534,Emp_534,HR,33163,2059-07-31,9
1535,Emp_535,Finance,46703,2059-08-31,9
1536,Emp_536,HR,38122,2059-09-30,5
1537,Emp_537,HR,99549,2059-10-31,5
1538,Emp_538,HR,87355,2059-11-30,6
1539,Emp_539,HR,37399,2059-12-31,8
1540,Emp_540,HR,86363,2060-01-31,9
1541,Emp_541,Sales,76841,2060-02-29,8
1542,Emp_542,Finance,97909,2060-03-31,7
1543,Emp_543,IT,35151,2060-04-30,2
1544,Emp_544,IT,28463,2060-05-31,1
1545,Emp_545,Sales,87703,2060-06-30,6
1546,Emp_546,Finance,55095,2060-07-31,5
1547,Emp_547,HR,29547,2060-08-31,3
1548,Emp_548,IT,79119,2060-09-30,8
1549,Emp_549,Finance,90152,2060-10-31,6
1550,Emp_550,IT,91295,2060-11-30,4
1551,Emp_551,HR,31975,2060-12-31,3
1552,Emp_552,Finance,45284,2061-01-31,6
1553,Emp_553,HR,55523,2061-02-28,6
1554,Emp_554,Sales,69435,2061-03-31,4
1555,Emp_555,Sales,99912,2061-04-30,3
1556,Emp_556,HR,85029,2061-05-31,6
1557,Emp_557,Finance,68161,2061-06-30,2
1558,Emp_558,Sales,90410,2061-07-31,3
1559,Emp_559,IT,83499,2061-08-31,7
1560,Emp_560,HR,60113,2061-09-30,6
1561,Emp_561,Sales,70191,2061-10-31,2
1562,Emp_562,Sales,87644,2061-11-30,6
1563,Emp_563,Finance,56982,2061-12-31,5
1564,Emp_564,Finance,72348,2062-01-31,6
1565,Emp_565,IT,98594,2062-02-28,3
1566,Emp_566,IT,44957,2062-03-31,4
1567,Emp_567,IT,89803,2062-04-30,2
1568,Emp_568,HR,46999,2062-05-31,8
1569,Emp_569,IT,79231,2062-06-30,5
1570,Emp_570,Sales,25745,2062-07-31,6
1571,Emp_571,HR,91260,2062-08-31,3
1572,Emp_572,HR,32447,2062-09-30,2
1573,Emp_573,IT,87385,2062-10-31,1
1574,Emp_574,HR,25443,2062-11-30,6
1575,Emp_575,HR,33796,2062-12-31,1
1576,Emp_576,Sales,78199,2063-01-31,3
1577,Emp_577,IT,52076,2063-02-28,9
1578,Emp_578,HR,67073,2063-03-31,8
1579,Emp_579,HR,46027,2063-04-30,6
1580,Emp_580,Sales,28466,2063-05-31,2
1581,Emp_581,IT,91369,2063-06-30,5
1582,Emp_582,IT,56907,2063-07-31,1
1583,Emp_583,HR,40024,2063-08-31,4
1584,Emp_584,HR,31679,2063-09-30,7
1585,Emp_585,Finance,35570,2063-10-31,3
1586,Emp_586,Sales,55910,2063-11-30,1
1587,Emp_587,HR,36109,2063-12-31,8
1588,Emp_588,Sales,71602,2064-01-31,4
1589,Emp_589,Sales,62306,2064-02-29,6
1590,Emp_590,Sales,69560,2064-03-31,9
1591,Emp_591,Finance,47058,2064-04-30,9
1592,Emp_592,IT,63228,2064-05-31,7
1593,Emp_593,Sales,52405,2064-06-30,3
1594,Emp_594,IT,29835,2064-07-31,2
1595,Emp_595,IT,52930,2064-08-31,9
1596,Emp_596,Sales,27595,2064-09-30,1
1597,Emp_597,IT,75577,2064-10-31,8
1598,Emp_598,Finance,41256,2064-11-30,5
1599,Emp_599,HR,38093,2064-12-31,8
1600,Emp_600,Finance,83128,2065-01-31,3
1601,Emp_601,HR,51334,2065-02-28,2
1602,Emp_602,IT,58321,2065-03-31,8
1603,Emp_603,HR,71566,2065-04-30,4
1604,Emp_604,HR,71641,2065-05-31,3
1605,Emp_605,Sales,51259,2065-06-30,8
1606,Emp_606,IT,25893,2065-07-31,5
1607,Emp_607,IT,99254,2065-08-31,1
1608,Emp_608,Finance,22362,2065-09-30,9
1609,Emp_609,Finance,36955,2065-10-31,3
1610,Emp_610,Finance,58938,2065-11-30,9
1611,Emp_611,IT,45483,2065-12-31,6
1612,Emp_612,Sales,40381,2066-01-31,8
1613,Emp_613,Finance,42653,2066-02-28,2
1614,Emp_614,Sales,78933,2066-03-31,9
1615,Emp_615,HR,49062,2066-04-30,6
1616,Emp_616,HR,81103,2066-05-31,2
1617,Emp_617,Sales,78057,2066-06-30,2
1618,Emp_618,Finance,61332,2066-07-31,1
1619,Emp_619,HR,31400,2066-08-31,1
1620,Emp_620,Finance,72240,2066-09-30,4
1621,Emp_621,HR,69785,2066-10-31,8
1622,Emp_622,Finance,64816,2066-11-30,4
1623,Emp_623,Finance,93184,2066-12-31,5
1624,Emp_624,HR,30489,2067-01-31,3
1625,Emp_625,Sales,53717,2067-02-28,8
1626,Emp_626,IT,23290,2067-03-31,2
1627,Emp_627,Sales,47807,2067-04-30,4
1628,Emp_628,Sales,42073,2067-05-31,2
1629,Emp_629,IT,62871,2067-06-30,9
1630,Emp_630,Finance,90869,2067-07-31,7
1631,Emp_631,HR,78117,2067-08-31,4
1632,Emp_632,HR,79771,2067-09-30,1
1633,Emp_633,Finance,30603,2067-10-31,8
1634,Emp_634,Sales,32775,2067-11-30,3
1635,Emp_635,HR,80929,2067-12-31,9
1636,Emp_636,Finance,48983,2068-01-31,7
1637,Emp_637,HR,85681,2068-02-29,6
1638,Emp_638,Sales,65808,2068-03-31,9
1639,Emp_639,HR,71432,2068-04-30,3
1640,Emp_640,HR,56383,2068-05-31,4
1641,Emp_641,HR,48380,2068-06-30,6
1642,Emp_642,HR,82806,2068-07-31,3
1643,Emp_643,Finance,58882,2068-08-31,3
1644,Emp_644,HR,66498,2068-09-30,3
1645,Emp_645,Finance,69163,2068-10-31,1
1646,Emp_646,HR,82480,2068-11-30,5
1647,Emp_647,Finance,79674,2068-12-31,7
1648,Emp_648,Sales,48065,2069-01-31,8
1649,Emp_649,Sales,97991,2069-02-28,7
1650,Emp_650,HR,86658,2069-03-31,8
1651,Emp_651,HR,32255,2069-04-30,1
1652,Emp_652,HR,78429,2069-05-31,1
1653,Emp_653,HR,50212,2069-06-30,5
1654,Emp_654,IT,87637,2069-07-31,1
1655,Emp_655,HR,22710,2069-08-31,7
1656,Emp_656,IT,44472,2069-09-30,5
1657,Emp_657,Finance,76417,2069-10-31,9
1658,Emp_658,Finance,95304,2069-11-30,4
1659,Emp_659,Finance,97391,2069-12-31,8
1660,Emp_660,Finance,36852,2070-01-31,6
1661,Emp_661,Finance,88709,2070-02-28,9
1662,Emp_662,Finance,46516,2070-03-31,4
1663,Emp_663,HR,36642,2070-04-30,9
1664,Emp_664,Finance,75902,2070-05-31,6
1665,Emp_665,HR,24382,2070-06-30,7
1666,Emp_666,IT,54456,2070-07-31,1
1667,Emp_667,IT,30782,2070-08-31,2
1668,Emp_668,IT,32814,2070-09-30,6
1669,Emp_669,Finance,89528,2070-10-31,1
1670,Emp_670,IT,63486,2070-11-30,2
1671,Emp_671,IT,85045,2070-12-31,9
1672,Emp_672,IT,96554,2071-01-31,5
1673,Emp_673,IT,45379,2071-02-28,3
1674,Emp_674,Sales,35558,2071-03-31,8
1675,Emp_675,IT,73448,2071-04-30,8
1676,Emp_676,Finance,91191,2071-05-31,8
1677,Emp_677,HR,61863,2071-06-30,3
1678,Emp_678,Sales,44494,2071-07-31,4
1679,Emp_679,IT,23649,2071-08-31,1
1680,Emp_680,Finance,58642,2071-09-30,9
1681,Emp_681,Finance,96449,2071-10-31,5
1682,Emp_682,Finance,75775,2071-11-30,5
1683,Emp_683,Finance,22844,2071-12-31,5
1684,Emp_684,IT,66655,2072-01-31,1
1685,Emp_685,IT,33008,2072-02-29,1
1686,Emp_686,HR,57103,2072-03-31,6
1687,Emp_687,HR,54056,2072-04-30,8
1688,Emp_688,HR,61650,2072-05-31,1
1689,Emp_689,IT,83238,2072-06-30,1
1690,Emp_690,Sales,72010,2072-07-31,8
1691,Emp_691,IT,20421,2072-08-31,7
1692,Emp_692,HR,87127,2072-09-30,6
1693,Emp_693,Sales,35675,2072-10-31,4
1694,Emp_694,Finance,62859,2072-11-30,4
1695,Emp_695,IT,66665,2072-12-31,9
1696,Emp_696,IT,55502,2073-01-31,3
1697,Emp_697,HR,99490,2073-02-28,9
1698,Emp_698,IT,29962,2073-03-31,2
1699,Emp_699,Finance,47450,2073-04-30,8
1700,Emp_700,Sales,28575,2073-05-31,9
1701,Emp_701,Finance,86985,2073-06-30,6
1702,Emp_702,Finance,36891,2073-07-31,6
1703,Emp_703,IT,91130,2073-08-31,1
1704,Emp_704,IT,91777,2073-09-30,1
1705,Emp_705,IT,82837,2073-10-31,6
1706,Emp_706,Finance,98477,2073-11-30,5
1707,Emp_707,Sales,67992,2073-12-31,3
1708,Emp_708,HR,21774,2074-01-31,2
1709,Emp_709,Sales,55114,2074-02-28,5
1710,Emp_710,Sales,50813,2074-03-31,6
1711,Emp_711,HR,85473,2074-04-30,8
1712,Emp_712,Finance,23489,2074-05-31,7
1713,Emp_713,IT,59061,2074-06-30,9
1714,Emp_714,IT,77129,2074-07-31,4
1715,Emp_715,Finance,63723,2074-08-31,2
1716,Emp_716,HR,90319,2074-09-30,8
1717,Emp_717,HR,36247,2074-10-31,5
1718,Emp_718,HR,53512,2074-11-30,7
1719,Emp_719,Sales,20488,2074-12-31,3
1720,Emp_720,HR,83948,2075-01-31,4
1721,Emp_721,Sales,31413,2075-02-28,8
1722,Emp_722,HR,73516,2075-03-31,3
1723,Emp_723,Finance,95393,2075-04-30,9
1724,Emp_724,Finance,21893,2075-05-31,1
1725,Emp_725,IT,67325,2075-06-30,1
1726,Emp_726,Finance,81927,2075-07-31,5
1727,Emp_727,HR,94323,2075-08-31,2
1728,Emp_728,Finance,51861,2075-09-30,9
1729,Emp_729,HR,55553,2075-10-31,6
1730,Emp_730,Sales,83651,2075-11-30,1
1731,Emp_731,HR,90200,2075-12-31,7
1732,Emp_732,HR,82828,2076-01-31,4
1733,Emp_733,Sales,51941,2076-02-29,9
1734,Emp_734,Sales,92925,2076-03-31,4
1735,Emp_735,HR,29375,2076-04-30,9
1736,Emp_736,HR,56336,2076-05-31,6
1737,Emp_737,IT,45795,2076-06-30,4
1738,Emp_738,IT,62934,2076-07-31,4
1739,Emp_739,Sales,34192,2076-08-31,6
1740,Emp_740,Finance,46271,2076-09-30,6
1741,Emp_741,HR,44373,2076-10-31,5
1742,Emp_742,Sales,59443,2076-11-30,1
1743,Emp_743,Sales,20012,2076-12-31,1
1744,Emp_744,Finance,48505,2077-01-31,4
1745,Emp_745,IT,95324,2077-02-28,3
1746,Emp_746,Finance,49691,2077-03-31,2
1747,Emp_747,Sales,70632,2077-04-30,6
1748,Emp_748,Finance,70763,2077-05-31,5
1749,Emp_749,IT,70481,2077-06-30,5
1750,Emp_750,Finance,89256,2077-07-31,8
1751,Emp_751,Sales,70489,2077-08-31,4
1752,Emp_752,IT,75516,2077-09-30,7
1753,Emp_753,HR,76149,2077-10-31,8
1754,Emp_754,HR,38939,2077-11-30,4
1755,Emp_755,HR,74970,2077-12-31,3
1756,Emp_756,Finance,78043,2078-01-31,7
1757,Emp_757,IT,44924,2078-02-28,2
1758,Emp_758,IT,49356,2078-03-31,6
1759,Emp_759,HR,71872,2078-04-30,7
1760,Emp_760,Sales,46924,2078-05-31,5
1761,Emp_761,Sales,31824,2078-06-30,5
1762,Emp_762,HR,89440,2078-07-31,5
1763,Emp_763,Sales,23271,2078-08-31,5
1764,Emp_764,IT,46126,2078-09-30,2
1765,Emp_765,IT,66458,2078-10-31,2
1766,Emp_766,Finance,59021,2078-11-30,6
1767,Emp_767,IT,45264,2078-12-31,2
1768,Emp_768,Finance,98118,2079-01-31,1
1769,Emp_769,Finance,55447,2079-02-28,4
1770,Emp_770,Sales,55866,2079-03-31,9
1771,Emp_771,IT,48357,2079-04-30,6
1772,Emp_772,IT,34207,2079-05-31,5
1773,Emp_773,Sales,36777,2079-06-30,1
1774,Emp_774,HR,27749,2079-07-31,3
1775,Emp_775,Finance,74579,2079-08-31,4
1776,Emp_776,Sales,84820,2079-09-30,5
1777,Emp_777,HR,39006,2079-10-31,9
1778,Emp_778,Sales,61560,2079-11-30,6
1779,Emp_779,Sales,62390,2079-12-31,6
1780,Emp_780,HR,38460,2080-01-31,7
1781,Emp_781,Finance,76908,2080-02-29,9
1782,Emp_782,Finance,63940,2080-03-31,8
1783,Emp_783,Finance,38041,2080-04-30,1
1784,Emp_784,Finance,64323,2080-05-31,2
1785,Emp_785,HR,77867,2080-06-30,3
1786,Emp_786,HR,98114,2080-07-31,3
1787,Emp_787,IT,79415,2080-08-31,6
1788,Emp_788,Finance,87779,2080-09-30,2
1789,Emp_789,Sales,66391,2080-10-31,8
1790,Emp_790,HR,24263,2080-11-30,6
1791,Emp_791,IT,34060,2080-12-31,6
1792,Emp_792,Sales,42309,2081-01-31,5
1793,Emp_793,Finance,38895,2081-02-28,7
1794,Emp_794,HR,31322,2081-03-31,4
1795,Emp_795,Sales,34834,2081-04-30,5
1796,Emp_796,IT,49864,2081-05-31,8
1797,Emp_797,Finance,34147,2081-06-30,4
1798,Emp_798,HR,52765,2081-07-31,3
1799,Emp_799,IT,95993,2081-08-31,4
1800,Emp_800,Sales,71021,2081-09-30,9
1801,Emp_801,Finance,91446,2081-10-31,9
1802,Emp_802,IT,90855,2081-11-30,6
1803,Emp_803,HR,36343,2081-12-31,5
1804,Emp_804,HR,35674,2082-01-31,4
1805,Emp_805,Finance,50598,2082-02-28,3
1806,Emp_806,IT,34378,2082-03-31,9
1807,Emp_807,HR,93897,2082-04-30,1
1808,Emp_808,IT,56412,2082-05-31,4
1809,Emp_809,HR,96171,2082-06-30,7
1810,Emp_810,HR,28551,2082-07-31,2
1811,Emp_811,Finance,79817,2082-08-31,3
1812,Emp_812,HR,48411,2082-09-30,5
1813,Emp_813,HR,44140,2082-10-31,9
1814,Emp_814,HR,76471,2082-11-30,2
1815,Emp_815,IT,89713,2082-12-31,5
1816,Emp_816,Sales,42163,2083-01-31,9
1817,Emp_817,Finance,23753,2083-02-28,4
1818,Emp_818,IT,64849,2083-03-31,5
1819,Emp_819,HR,66986,2083-04-30,2
1820,Emp_820,IT,25200,2083-05-31,8
1821,Emp_821,Finance,81544,2083-06-30,6
1822,Emp_822,HR,67631,2083-07-31,3
1823,Emp_823,HR,47496,2083-08-31,6
1824,Emp_824,IT,54135,2083-09-30,6
1825,Emp_825,IT,98048,2083-10-31,8
1826,Emp_826,IT,38181,2083-11-30,6
1827,Emp_827,IT,78281,2083-12-31,3
1828,Emp_828,IT,47261,2084-01-31,1
1829,Emp_829,HR,29025,2084-02-29,4
1830,Emp_830,IT,41390,2084-03-31,9
1831,Emp_831,Finance,92301,2084-04-30,6
1832,Emp_832,Sales,22602,2084-05-31,7
1833,Emp_833,Finance,38222,2084-06-30,7
1834,Emp_834,HR,73524,2084-07-31,8
1835,Emp_835,Sales,63969,2084-08-31,8
1836,Emp_836,Sales,87085,2084-09-30,6
1837,Emp_837,Finance,41183,2084-10-31,2
1838,Emp_838,HR,54536,2084-11-30,8
1839,Emp_839,Finance,45957,2084-12-31,5
1840,Emp_840,IT,44268,2085-01-31,8
1841,Emp_841,IT,51532,2085-02-28,7
1842,Emp_842,Sales,81096,2085-03-31,1
1843,Emp_843,IT,74567,2085-04-30,3
1844,Emp_844,HR,28046,2085-05-31,1
1845,Emp_845,HR,88509,2085-06-30,2
1846,Emp_846,HR,29824,2085-07-31,3
1847,Emp_847,IT,48718,2085-08-31,7
1848,Emp_848,HR,68433,2085-09-30,2
1849,Emp_849,Finance,27693,2085-10-31,2
1850,Emp_850,Finance,63574,2085-11-30,1
1851,Emp_851,Sales,86807,2085-12-31,3
1852,Emp_852,Sales,27632,2086-01-31,6
1853,Emp_853,Sales,61249,2086-02-28,8
1854,Emp_854,Finance,42438,2086-03-31,2
1855,Emp_855,Sales,53373,2086-04-30,1
1856,Emp_856,IT,68996,2086-05-31,9
1857,Emp_857,Finance,49465,2086-06-30,5
1858,Emp_858,Sales,39653,2086-07-31,8
1859,Emp_859,Sales,99642,2086-08-31,9
1860,Emp_860,Sales,51471,2086-09-30,9
1861,Emp_861,HR,42516,2086-10-31,7
1862,Emp_862,Sales,91558,2086-11-30,7
1863,Emp_863,Finance,92186,2086-12-31,4
1864,Emp_864,Finance,86923,2087-01-31,3
1865,Emp_865,HR,32028,2087-02-28,7
1866,Emp_866,IT,37186,2087-03-31,2
1867,Emp_867,IT,42244,2087-04-30,7
1868,Emp_868,IT,25417,2087-05-31,8
1869,Emp_869,Finance,91974,2087-06-30,3
1870,Emp_870,Sales,39334,2087-07-31,2
1871,Emp_871,IT,24650,2087-08-31,9
1872,Emp_872,IT,23369,2087-09-30,3
1873,Emp_873,Sales,82195,2087-10-31,9
1874,Emp_874,Sales,38449,2087-11-30,8
1875,Emp_875,HR,88330,2087-12-31,5
1876,Emp_876,IT,43743,2088-01-31,8
1877,Emp_877,Sales,83036,2088-02-29,9
1878,Emp_878,IT,44223,2088-03-31,5
1879,Emp_879,Finance,97523,2088-04-30,5
1880,Emp_880,HR,42244,2088-05-31,3
1881,Emp_881,HR,63538,2088-06-30,3
1882,Emp_882,HR,40586,2088-07-31,1
1883,Emp_883,Finance,78007,2088-08-31,3
1884,Emp_884,IT,93774,2088-09-30,3
1885,Emp_885,IT,56983,2088-10-31,1
1886,Emp_886,Finance,85910,2088-11-30,4
1887,Emp_887,IT,82143,2088-12-31,1
1888,Emp_888,IT,56491,2089-01-31,8
1889,Emp_889,Sales,31486,2089-02-28,6
1890,Emp_890,IT,24341,2089-03-31,6
1891,Emp_891,IT,51503,2089-04-30,6
1892,Emp_892,Finance,99579,2089-05-31,8
1893,Emp_893,HR,36611,2089-06-30,9
1894,Emp_894,Sales,24600,2089-07-31,4
1895,Emp_895,Finance,81744,2089-08-31,9
1896,Emp_896,Finance,92453,2089-09-30,2
1897,Emp_897,Sales,65457,2089-10-31,8
1898,Emp_898,HR,87349,2089-11-30,7
1899,Emp_899,Sales,76375,2089-12-31,8
1900,Emp_900,Finance,28069,2090-01-31,5
1901,Emp_901,Finance,24496,2090-02-28,1
1902,Emp_902,IT,26579,2090-03-31,2
1903,Emp_903,IT,42029,2090-04-30,9
1904,Emp_904,IT,87491,2090-05-31,9
1905,Emp_905,IT,94634,2090-06-30,7
1906,Emp_906,Sales,57533,2090-07-31,2
1907,Emp_907,Finance,50967,2090-08-31,2
1908,Emp_908,IT,20678,2090-09-30,9
1909,Emp_909,Finance,77208,2090-10-31,7
1910,Emp_910,IT,36737,2090-11-30,3
1911,Emp_911,Sales,56008,2090-12-31,8
1912,Emp_912,Finance,78451,2091-01-31,2
1913,Emp_913,IT,86152,2091-02-28,7
1914,Emp_914,IT,37156,2091-03-31,3
1915,Emp_915,HR,77673,2091-04-30,3
1916,Emp_916,IT,94771,2091-05-31,5
1917,Emp_917,Sales,89020,2091-06-30,7
1918,Emp_918,Sales,43427,2091-07-31,4
1919,Emp_919,HR,46409,2091-08-31,9
1920,Emp_920,Sales,26759,2091-09-30,8
1921,Emp_921,Sales,61447,2091-10-31,2
1922,Emp_922,Sales,75145,2091-11-30,2
1923,Emp_923,IT,74769,2091-12-31,4
1924,Emp_924,Sales,33307,2092-01-31,4
1925,Emp_925,HR,52381,2092-02-29,7
1926,Emp_926,Sales,84717,2092-03-31,1
1927,Emp_927,Finance,46528,2092-04-30,6
1928,Emp_928,Sales,83549,2092-05-31,8
1929,Emp_929,Finance,35824,2092-06-30,5
1930,Emp_930,HR,58974,2092-07-31,5
1931,Emp_931,IT,21076,2092-08-31,5
1932,Emp_932,Finance,35410,2092-09-30,8
1933,Emp_933,Sales,61107,2092-10-31,6
1934,Emp_934,Finance,77699,2092-11-30,8
1935,Emp_935,HR,47835,2092-12-31,3
1936,Emp_936,HR,25746,2093-01-31,4
1937,Emp_937,IT,32423,2093-02-28,3
1938,Emp_938,IT,23208,2093-03-31,2
1939,Emp_939,HR,97899,2093-04-30,2
1940,Emp_940,Sales,52130,2093-05-31,1
1941,Emp_941,Finance,44895,2093-06-30,9
1942,Emp_942,HR,50697,2093-07-31,6
1943,Emp_943,Sales,76078,2093-08-31,9
1944,Emp_944,IT,37814,2093-09-30,8
1945,Emp_945,Finance,44536,2093-10-31,3
1946,Emp_946,IT,72124,2093-11-30,4
1947,Emp_947,IT,35208,2093-12-31,6
1948,Emp_948,IT,29052,2094-01-31,4
1949,Emp_949,Finance,71799,2094-02-28,1
1950,Emp_950,HR,22618,2094-03-31,2
1951,Emp_951,Sales,77537,2094-04-30,2
1952,Emp_952,IT,47223,2094-05-31,7
1953,Emp_953,IT,75860,2094-06-30,6
1954,Emp_954,Finance,63714,2094-07-31,7
1955,Emp_955,Sales,47696,2094-08-31,9
1956,Emp_956,Sales,56448,2094-09-30,2
1957,Emp_957,Finance,41128,2094-10-31,7
1958,Emp_958,IT,74896,2094-11-30,1
1959,Emp_959,Finance,79015,2094-12-31,9
1960,Emp_960,IT,25598,2095-01-31,4
1961,Emp_961,HR,77326,2095-02-28,2
1962,Emp_962,Sales,37604,2095-03-31,5
1963,Emp_963,Finance,28005,2095-04-30,9
1964,Emp_964,Sales,67834,2095-05-31,2
1965,Emp_965,Sales,41339,2095-06-30,7
1966,Emp_966,HR,42175,2095-07-31,2
1967,Emp_967,Sales,27648,2095-08-31,4
1968,Emp_968,HR,88885,2095-09-30,6
1969,Emp_969,Finance,95920,2095-10-31,1
1970,Emp_970,Finance,56589,2095-11-30,8
1971,Emp_971,HR,53599,2095-12-31,8
1972,Emp_972,IT,58299,2096-01-31,5
1973,Emp_973,Sales,79144,2096-02-29,9
1974,Emp_974,Sales,49264,2096-03-31,9
1975,Emp_975,HR,64911,2096-04-30,1
1976,Emp_976,Finance,27459,2096-05-31,9
1977,Emp_977,Finance,80047,2096-06-30,3
1978,Emp_978,HR,83018,2096-07-31,8
1979,Emp_979,Finance,85871,2096-08-31,3
1980,Emp_980,IT,90395,2096-09-30,2
1981,Emp_981,Finance,43811,2096-10-31,3
1982,Emp_982,HR,80322,2096-11-30,8
1983,Emp_983,HR,75638,2096-12-31,7
1984,Emp_984,IT,21780,2097-01-31,4
1985,Emp_985,Sales,99255,2097-02-28,7
1986,Emp_986,Sales,81186,2097-03-31,1
1987,Emp_987,Sales,88946,2097-04-30,8
1988,Emp_988,Sales,43098,2097-05-31,7
1989,Emp_989,HR,79401,2097-06-30,3
1990,Emp_990,Finance,85101,2097-07-31,5
1991,Emp_991,Finance,98541,2097-08-31,4
1992,Emp_992,IT,56913,2097-09-30,7
1993,Emp_993,Finance,36343,2097-10-31,6
1994,Emp_994,Sales,61400,2097-11-30,4
1995,Emp_995,IT,83382,2097-12-31,3
1996,Emp_996,HR,52650,2098-01-31,3
1997,Emp_997,Finance,56261,2098-02-28,3
1998,Emp_998,Finance,51506,2098-03-31,5
1999,Emp_999,IT,87421,2098-04-30,7
2000,Emp_1000,Sales,40002,2098-05-31,9
2001,Emp_1001,Sales,91726,2098-06-30,9
2002,Emp_1002,HR,74532,2098-07-31,7
2003,Emp_1003,IT,48955,2098-08-31,1
2004,Emp_1004,Finance,98047,2098-09-30,2
2005,Emp_1005,HR,63508,2098-10-31,6
2006,Emp_1006,Sales,84590,2098-11-30,5
2007,Emp_1007,IT,85145,2098-12-31,5
2008,Emp_1008,IT,72436,2099-01-31,1
2009,Emp_1009,Finance,47526,2099-02-28,1
2010,Emp_1010,IT,40397,2099-03-31,1
2011,Emp_1011,Sales,59056,2099-04-30,7
2012,Emp_1012,Finance,55002,2099-05-31,3
2013,Emp_1013,Finance,26395,2099-06-30,1
2014,Emp_1014,Sales,33800,2099-07-31,4
2015,Emp_1015,IT,94615,2099-08-31,1
2016,Emp_1016,HR,45466,2099-09-30,2
2017,Emp_1017,IT,29822,2099-10-31,5
2018,Emp_1018,Sales,81329,2099-11-30,1
2019,Emp_1019,IT,88297,2099-12-31,3
2020,Emp_1020,Finance,81184,2100-01-31,6
2021,Emp_1021,Finance,58624,2100-02-28,6
2022,Emp_1022,Sales,30306,2100-03-31,4
2023,Emp_1023,Sales,64259,2100-04-30,7
2024,Emp_1024,Finance,94768,2100-05-31,7
2025,Emp_1025,HR,40651,2100-06-30,1
2026,Emp_1026,IT,33366,2100-07-31,8
2027,Emp_1027,Finance,67349,2100-08-31,3
2028,Emp_1028,IT,88482,2100-09-30,8
2029,Emp_1029,Finance,69598,2100-10-31,6
2030,Emp_1030,Sales,68967,2100-11-30,3
2031,Emp_1031,Finance,63936,2100-12-31,1
2032,Emp_1032,IT,20573,2101-01-31,2
2033,Emp_1033,HR,25059,2101-02-28,4
2034,Emp_1034,Sales,48329,2101-03-31,8
2035,Emp_1035,HR,46291,2101-04-30,9
2036,Emp_1036,Finance,93080,2101-05-31,2
2037,Emp_1037,Sales,57839,2101-06-30,9
2038,Emp_1038,Finance,73380,2101-07-31,4
2039,Emp_1039,Sales,89001,2101-08-31,7
2040,Emp_1040,IT,36366,2101-09-30,2
2041,Emp_1041,IT,95722,2101-10-31,8
2042,Emp_1042,Finance,43583,2101-11-30,7
2043,Emp_1043,Sales,85202,2101-12-31,9
2044,Emp_1044,HR,84741,2102-01-31,3
2045,Emp_1045,IT,93801,2102-02-28,3
2046,Emp_1046,Finance,89381,2102-03-31,4
2047,Emp_1047,HR,84753,2102-04-30,7
2048,Emp_1048,Sales,27259,2102-05-31,4
2049,Emp_1049,HR,68484,2102-06-30,8
2050,Emp_1050,Finance,45961,2102-07-31,9
2051,Emp_1051,Finance,83014,2102-08-31,8
2052,Emp_1052,HR,53424,2102-09-30,6
2053,Emp_1053,Sales,47374,2102-10-31,8
2054,Emp_1054,IT,69924,2102-11-30,3
2055,Emp_1055,Sales,27645,2102-12-31,9
2056,Emp_1056,HR,22282,2103-01-31,5
2057,Emp_1057,Sales,33156,2103-02-28,4
2058,Emp_1058,Finance,38162,2103-03-31,1
2059,Emp_1059,IT,67918,2103-04-30,7
2060,Emp_1060,Finance,92112,2103-05-31,9
2061,Emp_1061,Sales,71136,2103-06-30,9
2062,Emp_1062,Sales,36327,2103-07-31,1
2063,Emp_1063,IT,79578,2103-08-31,1
2064,Emp_1064,HR,67282,2103-09-30,1
2065,Emp_1065,Finance,21719,2103-10-31,6
2066,Emp_1066,Finance,45451,2103-11-30,1
2067,Emp_1067,Finance,97063,2103-12-31,4
2068,Emp_1068,IT,25855,2104-01-31,8
2069,Emp_1069,IT,52847,2104-02-29,3
2070,Emp_1070,Sales,21488,2104-03-31,1
2071,Emp_1071,HR,35065,2104-04-30,8
2072,Emp_1072,Finance,41354,2104-05-31,7
2073,Emp_1073,Finance,48219,2104-06-30,1
2074,Emp_1074,Sales,94884,2104-07-31,6
2075,Emp_1075,Sales,92772,2104-08-31,1
2076,Emp_1076,Finance,87321,2104-09-30,5
2077,Emp_1077,Finance,20190,2104-10-31,3
2078,Emp_1078,IT,46966,2104-11-30,4
2079,Emp_1079,IT,24308,2104-12-31,3
2080,Emp_1080,Finance,78755,2105-01-31,7
2081,Emp_1081,Finance,31807,2105-02-28,3
2082,Emp_1082,HR,78664,2105-03-31,9
2083,Emp_1083,IT,35173,2105-04-30,2
2084,Emp_1084,Finance,66644,2105-05-31,6
2085,Emp_1085,Sales,33162,2105-06-30,9
2086,Emp_1086,HR,41879,2105-07-31,8
2087,Emp_1087,HR,77329,2105-08-31,7
2088,Emp_1088,IT,77477,2105-09-30,5
2089,Emp_1089,IT,96170,2105-10-31,6
2090,Emp_1090,HR,35456,2105-11-30,1
2091,Emp_1091,IT,81385,2105-12-31,9
2092,Emp_1092,Finance,74920,2106-01-31,6
2093,Emp_1093,Sales,99552,2106-02-28,9
2094,Emp_1094,Finance,75083,2106-03-31,9
2095,Emp_1095,Sales,36323,2106-04-30,7
2096,Emp_1096,Sales,67374,2106-05-31,7
2097,Emp_1097,HR,70210,2106-06-30,2
2098,Emp_1098,HR,91887,2106-07-31,1
2099,Emp_1099,Sales,50939,2106-08-31,4
2100,Emp_1100,Finance,44713,2106-09-30,8
2101,Emp_1101,IT,51605,2106-10-31,2
2102,Emp_1102,Sales,27146,2106-11-30,5
2103,Emp_1103,Sales,83122,2106-12-31,7
2104,Emp_1104,Finance,52784,2107-01-31,2
2105,Emp_1105,Finance,39761,2107-02-28,1
2106,Emp_1106,Sales,64883,2107-03-31,6
2107,Emp_1107,IT,75891,2107-04-30,3
2108,Emp_1108,Sales,81605,2107-05-31,9
2109,Emp_1109,Sales,41019,2107-06-30,6
2110,Emp_1110,Finance,32502,2107-07-31,6
2111,Emp_1111,IT,71344,2107-08-31,5
2112,Emp_1112,Finance,58551,2107-09-30,6
2113,Emp_1113,IT,37935,2107-10-31,3
2114,Emp_1114,IT,68312,2107-11-30,3
2115,Emp_1115,Finance,30580,2107-12-31,5
2116,Emp_1116,HR,80411,2108-01-31,6
2117,Emp_1117,IT,23652,2108-02-29,4
2118,Emp_1118,Finance,86486,2108-03-31,5
2119,Emp_1119,HR,35158,2108-04-30,1
2120,Emp_1120,IT,92575,2108-05-31,6
2121,Emp_1121,IT,59015,2108-06-30,5
2122,Emp_1122,HR,35261,2108-07-31,2
2123,Emp_1123,Finance,38575,2108-08-31,2
2124,Emp_1124,HR,46183,2108-09-30,7
2125,Emp_1125,Finance,71659,2108-10-31,4
2126,Emp_1126,Sales,86516,2108-11-30,6
2127,Emp_1127,IT,98798,2108-12-31,2
2128,Emp_1128,HR,32961,2109-01-31,6
2129,Emp_1129,HR,99334,2109-02-28,7
2130,Emp_1130,Sales,28649,2109-03-31,6
2131,Emp_1131,Sales,64438,2109-04-30,6
2132,Emp_1132,Finance,61116,2109-05-31,1
2133,Emp_1133,HR,81085,2109-06-30,5
2134,Emp_1134,IT,68109,2109-07-31,2
2135,Emp_1135,HR,63690,2109-08-31,8
2136,Emp_1136,HR,62137,2109-09-30,8
2137,Emp_1137,HR,30756,2109-10-31,7
2138,Emp_1138,Sales,26212,2109-11-30,6
2139,Emp_1139,IT,84527,2109-12-31,8
2140,Emp_1140,HR,91056,2110-01-31,2
2141,Emp_1141,IT,60085,2110-02-28,1
2142,Emp_1142,IT,69453,2110-03-31,4
2143,Emp_1143,Finance,72093,2110-04-30,1
2144,Emp_1144,HR,72476,2110-05-31,7
2145,Emp_1145,Finance,64930,2110-06-30,3
2146,Emp_1146,Finance,47689,2110-07-31,2
2147,Emp_1147,Finance,62817,2110-08-31,8
2148,Emp_1148,HR,24549,2110-09-30,5
2149,Emp_1149,HR,47322,2110-10-31,5
2150,Emp_1150,IT,65417,2110-11-30,8
2151,Emp_1151,HR,78361,2110-12-31,2
2152,Emp_1152,HR,77760,2111-01-31,5
2153,Emp_1153,HR,80264,2111-02-28,1
2154,Emp_1154,HR,69580,2111-03-31,8
2155,Emp_1155,Finance,20032,2111-04-30,6
2156,Emp_1156,Sales,63316,2111-05-31,2
2157,Emp_1157,IT,99358,2111-06-30,5
2158,Emp_1158,HR,88719,2111-07-31,5
2159,Emp_1159,Sales,28076,2111-08-31,7
2160,Emp_1160,HR,60890,2111-09-30,6
2161,Emp_1161,Finance,90058,2111-10-31,4
2162,Emp_1162,Sales,52516,2111-11-30,9
2163,Emp_1163,HR,35953,2111-12-31,2
2164,Emp_1164,IT,83517,2112-01-31,6
2165,Emp_1165,IT,78859,2112-02-29,5
2166,Emp_1166,IT,89080,2112-03-31,9
2167,Emp_1167,Finance,56800,2112-04-30,2
2168,Emp_1168,IT,44641,2112-05-31,3
2169,Emp_1169,IT,59947,2112-06-30,9
2170,Emp_1170,Finance,73852,2112-07-31,5
2171,Emp_1171,IT,31522,2112-08-31,3
2172,Emp_1172,HR,58866,2112-09-30,5
2173,Emp_1173,HR,63588,2112-10-31,4
2174,Emp_1174,IT,62718,2112-11-30,3
2175,Emp_1175,HR,96456,2112-12-31,7
2176,Emp_1176,IT,51753,2113-01-31,2
2177,Emp_1177,Finance,71062,2113-02-28,6
2178,Emp_1178,IT,30133,2113-03-31,6
2179,Emp_1179,IT,52547,2113-04-30,9
2180,Emp_1180,HR,34995,2113-05-31,4
2181,Emp_1181,IT,51414,2113-06-30,8
2182,Emp_1182,Sales,97888,2113-07-31,7
2183,Emp_1183,HR,89811,2113-08-31,1
2184,Emp_1184,IT,67718,2113-09-30,9
2185,Emp_1185,Sales,27654,2113-10-31,3
2186,Emp_1186,Sales,36325,2113-11-30,9
2187,Emp_1187,Finance,50973,2113-12-31,3
2188,Emp_1188,Finance,41214,2114-01-31,8
2189,Emp_1189,IT,89332,2114-02-28,5
2190,Emp_1190,HR,82665,2114-03-31,3
2191,Emp_1191,HR,68141,2114-04-30,2
2192,Emp_1192,HR,38548,2114-05-31,5
2193,Emp_1193,IT,58373,2114-06-30,6
2194,Emp_1194,IT,88423,2114-07-31,1
2195,Emp_1195,IT,49715,2114-08-31,1
2196,Emp_1196,Finance,38212,2114-09-30,8
2197,Emp_1197,Finance,82500,2114-10-31,6
2198,Emp_1198,Finance,91794,2114-11-30,1
2199,Emp_1199,HR,81019,2114-12-31,9
2200,Emp_1200,Finance,55735,2115-01-31,4
2201,Emp_1201,HR,43602,2115-02-28,8
2202,Emp_1202,IT,59741,2115-03-31,4
2203,Emp_1203,Finance,22057,2115-04-30,8
2204,Emp_1204,HR,37563,2115-05-31,2
2205,Emp_1205,IT,83034,2115-06-30,8
2206,Emp_1206,Finance,71016,2115-07-31,3
2207,Emp_1207,IT,36673,2115-08-31,2
2208,Emp_1208,IT,82972,2115-09-30,1
2209,Emp_1209,Sales,24809,2115-10-31,8
2210,Emp_1210,HR,33102,2115-11-30,1
2211,Emp_1211,Sales,56697,2115-12-31,9
2212,Emp_1212,Sales,58825,2116-01-31,4
2213,Emp_1213,Finance,47128,2116-02-29,7
2214,Emp_1214,Sales,41828,2116-03-31,6
2215,Emp_1215,Sales,60570,2116-04-30,5
2216,Emp_1216,Finance,21936,2116-05-31,9
2217,Emp_1217,Finance,37525,2116-06-30,4
2218,Emp_1218,HR,30305,2116-07-31,6
2219,Emp_1219,IT,89348,2116-08-31,8
2220,Emp_1220,Sales,35235,2116-09-30,6
2221,Emp_1221,IT,71366,2116-10-31,1
2222,Emp_1222,Sales,87565,2116-11-30,1
2223,Emp_1223,HR,78680,2116-12-31,9
2224,Emp_1224,Finance,22194,2117-01-31,2
2225,Emp_1225,HR,37119,2117-02-28,8
2226,Emp_1226,Sales,55126,2117-03-31,8
2227,Emp_1227,HR,70806,2117-04-30,3
2228,Emp_1228,IT,94139,2117-05-31,1
2229,Emp_1229,IT,55321,2117-06-30,4
2230,Emp_1230,IT,36725,2117-07-31,4
2231,Emp_1231,Sales,64897,2117-08-31,6
2232,Emp_1232,Finance,27560,2117-09-30,9
2233,Emp_1233,Finance,32376,2117-10-31,5
2234,Emp_1234,HR,57394,2117-11-30,1
2235,Emp_1235,Sales,33180,2117-12-31,8
2236,Emp_1236,Sales,82590,2118-01-31,5
2237,Emp_1237,IT,72149,2118-02-28,8
2238,Emp_1238,Finance,96188,2118-03-31,9
2239,Emp_1239,Sales,59552,2118-04-30,5
2240,Emp_1240,Sales,46306,2118-05-31,7
2241,Emp_1241,HR,48738,2118-06-30,1
2242,Emp_1242,IT,44184,2118-07-31,4
2243,Emp_1243,HR,87104,2118-08-31,2
2244,Emp_1244,HR,50612,2118-09-30,9
2245,Emp_1245,HR,54964,2118-10-31,2
2246,Emp_1246,IT,83255,2118-11-30,7
2247,Emp_1247,IT,96343,2118-12-31,2
2248,Emp_1248,Finance,66980,2119-01-31,4
2249,Emp_1249,HR,46809,2119-02-28,6
2250,Emp_1250,Finance,70416,2119-03-31,5
2251,Emp_1251,IT,47002,2119-04-30,7
2252,Emp_1252,Sales,20110,2119-05-31,3
2253,Emp_1253,IT,32790,2119-06-30,9
2254,Emp_1254,HR,95899,2119-07-31,6
2255,Emp_1255,Finance,51286,2119-08-31,1
2256,Emp_1256,Finance,80936,2119-09-30,4
2257,Emp_1257,HR,61359,2119-10-31,9
2258,Emp_1258,Finance,49779,2119-11-30,3
2259,Emp_1259,Finance,81991,2119-12-31,6
2260,Emp_1260,IT,85201,2120-01-31,2
2261,Emp_1261,HR,43521,2120-02-29,7
2262,Emp_1262,Sales,25901,2120-03-31,2
2263,Emp_1263,IT,62740,2120-04-30,5
2264,Emp_1264,HR,50172,2120-05-31,1
2265,Emp_1265,Finance,55366,2120-06-30,7
2266,Emp_1266,Sales,32401,2120-07-31,1
2267,Emp_1267,IT,60454,2120-08-31,1
2268,Emp_1268,HR,67513,2120-09-30,9
2269,Emp_1269,Sales,60547,2120-10-31,9
2270,Emp_1270,Finance,84108,2120-11-30,8
2271,Emp_1271,Sales,24348,2120-12-31,7
2272,Emp_1272,Sales,53966,2121-01-31,1
2273,Emp_1273,HR,33636,2121-02-28,5
2274,Emp_1274,HR,51429,2121-03-31,1
2275,Emp_1275,Sales,34960,2121-04-30,5
2276,Emp_1276,Finance,43368,2121-05-31,9
2277,Emp_1277,IT,84918,2121-06-30,3
2278,Emp_1278,Sales,38496,2121-07-31,4
2279,Emp_1279,IT,65502,2121-08-31,1
2280,Emp_1280,Finance,34841,2121-09-30,4
2281,Emp_1281,Sales,79883,2121-10-31,9
2282,Emp_1282,IT,57076,2121-11-30,9
2283,Emp_1283,HR,60938,2121-12-31,7
2284,Emp_1284,IT,47866,2122-01-31,3
2285,Emp_1285,Finance,41638,2122-02-28,2
2286,Emp_1286,Finance,57808,2122-03-31,7
2287,Emp_1287,IT,49506,2122-04-30,2
2288,Emp_1288,IT,96090,2122-05-31,9
2289,Emp_1289,IT,33550,2122-06-30,3
2290,Emp_1290,Finance,66739,2122-07-31,1
2291,Emp_1291,Finance,44693,2122-08-31,2
2292,Emp_1292,Sales,34062,2122-09-30,5
2293,Emp_1293,Sales,38038,2122-10-31,5
2294,Emp_1294,Sales,95881,2122-11-30,3
2295,Emp_1295,IT,69628,2122-12-31,6
2296,Emp_1296,IT,45834,2123-01-31,2
2297,Emp_1297,Sales,94225,2123-02-28,4
2298,Emp_1298,Finance,63942,2123-03-31,1
2299,Emp_1299,HR,41254,2123-04-30,6
2300,Emp_1300,Finance,27976,2123-05-31,7
2301,Emp_1301,Sales,95007,2123-06-30,9
2302,Emp_1302,HR,92393,2123-07-31,9
2303,Emp_1303,Finance,22905,2123-08-31,4
2304,Emp_1304,HR,77447,2123-09-30,4
2305,Emp_1305,Finance,95724,2123-10-31,6
2306,Emp_1306,HR,89979,2123-11-30,5
2307,Emp_1307,Finance,66722,2123-12-31,6
2308,Emp_1308,IT,96064,2124-01-31,7
2309,Emp_1309,IT,34233,2124-02-29,3
2310,Emp_1310,Sales,77784,2124-03-31,9
2311,Emp_1311,Finance,91656,2124-04-30,2
2312,Emp_1312,HR,48104,2124-05-31,5
2313,Emp_1313,Finance,99416,2124-06-30,9
2314,Emp_1314,Finance,30302,2124-07-31,7
2315,Emp_1315,Sales,53376,2124-08-31,2
2316,Emp_1316,HR,26482,2124-09-30,6
2317,Emp_1317,Sales,86531,2124-10-31,8
2318,Emp_1318,HR,44813,2124-11-30,8
2319,Emp_1319,Sales,80902,2124-12-31,1
2320,Emp_1320,HR,66283,2125-01-31,3
2321,Emp_1321,HR,34972,2125-02-28,6
2322,Emp_1322,Finance,66863,2125-03-31,4
2323,Emp_1323,Sales,53269,2125-04-30,3
2324,Emp_1324,HR,52771,2125-05-31,6
2325,Emp_1325,IT,38338,2125-06-30,1
2326,Emp_1326,HR,21334,2125-07-31,7
2327,Emp_1327,Finance,57631,2125-08-31,1
2328,Emp_1328,Sales,42737,2125-09-30,7
2329,Emp_1329,HR,30532,2125-10-31,2
2330,Emp_1330,Finance,54566,2125-11-30,6
2331,Emp_1331,IT,73587,2125-12-31,4
2332,Emp_1332,IT,43451,2126-01-31,3
2333,Emp_1333,Sales,59793,2126-02-28,9
2334,Emp_1334,Sales,55503,2126-03-31,5
2335,Emp_1335,HR,27589,2126-04-30,1
2336,Emp_1336,Sales,59804,2126-05-31,8
2337,Emp_1337,IT,58928,2126-06-30,9
2338,Emp_1338,IT,77422,2126-07-31,7
2339,Emp_1339,HR,33330,2126-08-31,1
2340,Emp_1340,Finance,79997,2126-09-30,2
2341,Emp_1341,HR,57545,2126-10-31,9
2342,Emp_1342,HR,45956,2126-11-30,4
2343,Emp_1343,Sales,28974,2126-12-31,1
2344,Emp_1344,HR,69237,2127-01-31,1
2345,Emp_1345,HR,44437,2127-02-28,2
2346,Emp_1346,Finance,35203,2127-03-31,5
2347,Emp_1347,Finance,38773,2127-04-30,9
2348,Emp_1348,HR,80784,2127-05-31,6
2349,Emp_1349,IT,28533,2127-06-30,9
2350,Emp_1350,IT,83566,2127-07-31,4
2351,Emp_1351,Finance,39378,2127-08-31,1
2352,Emp_1352,IT,43043,2127-09-30,9
2353,Emp_1353,HR,30049,2127-10-31,6
2354,Emp_1354,IT,53991,2127-11-30,4
2355,Emp_1355,HR,65375,2127-12-31,5
2356,Emp_1356,Sales,64536,2128-01-31,7
2357,Emp_1357,HR,35834,2128-02-29,8
2358,Emp_1358,Finance,51753,2128-03-31,9
2359,Emp_1359,IT,38310,2128-04-30,1
2360,Emp_1360,HR,30697,2128-05-31,1
2361,Emp_1361,HR,70812,2128-06-30,3
2362,Emp_1362,IT,69833,2128-07-31,4
2363,Emp_1363,Finance,29104,2128-08-31,2
2364,Emp_1364,Finance,52064,2128-09-30,6
2365,Emp_1365,Sales,92366,2128-10-31,4
2366,Emp_1366,Sales,27825,2128-11-30,6
2367,Emp_1367,HR,65151,2128-12-31,1
2368,Emp_1368,HR,53931,2129-01-31,7
2369,Emp_1369,HR,52262,2129-02-28,5
2370,Emp_1370,Finance,48140,2129-03-31,3
2371,Emp_1371,IT,56955,2129-04-30,4
2372,Emp_1372,Sales,77938,2129-05-31,6
2373,Emp_1373,HR,23041,2129-06-30,6
2374,Emp_1374,IT,23833,2129-07-31,6
2375,Emp_1375,Finance,46184,2129-08-31,4
2376,Emp_1376,IT,51301,2129-09-30,6
2377,Emp_1377,Finance,72745,2129-10-31,1
2378,Emp_1378,Finance,71331,2129-11-30,3
2379,Emp_1379,Sales,33204,2129-12-31,2
2380,Emp_1380,IT,54546,2130-01-31,9
2381,Emp_1381,HR,76091,2130-02-28,8
2382,Emp_1382,Finance,81711,2130-03-31,9
2383,Emp_1383,Finance,21707,2130-04-30,5
2384,Emp_1384,IT,84360,2130-05-31,5
2385,Emp_1385,HR,44023,2130-06-30,7
2386,Emp_1386,IT,32249,2130-07-31,2
2387,Emp_1387,Sales,47356,2130-08-31,4
2388,Emp_1388,Sales,30253,2130-09-30,9
2389,Emp_1389,Finance,86383,2130-10-31,9
2390,Emp_1390,HR,52550,2130-11-30,6
2391,Emp_1391,HR,58413,2130-12-31,4
2392,Emp_1392,IT,31723,2131-01-31,4
2393,Emp_1393,HR,87685,2131-02-28,4
2394,Emp_1394,HR,88967,2131-03-31,3
2395,Emp_1395,Finance,70793,2131-04-30,7
2396,Emp_1396,Sales,72423,2131-05-31,1
2397,Emp_1397,Sales,77468,2131-06-30,2
2398,Emp_1398,HR,99583,2131-07-31,9
2399,Emp_1399,Finance,89125,2131-08-31,3
2400,Emp_1400,HR,54697,2131-09-30,5
2401,Emp_1401,Sales,90970,2131-10-31,6
2402,Emp_1402,IT,69635,2131-11-30,5
2403,Emp_1403,Finance,44712,2131-12-31,1
2404,Emp_1404,Finance,88049,2132-01-31,6
2405,Emp_1405,Sales,43177,2132-02-29,7
2406,Emp_1406,HR,98783,2132-03-31,8
2407,Emp_1407,IT,36068,2132-04-30,6
2408,Emp_1408,Finance,97384,2132-05-31,8
2409,Emp_1409,HR,68185,2132-06-30,6
2410,Emp_1410,Finance,35914,2132-07-31,2
2411,Emp_1411,Finance,91939,2132-08-31,7
2412,Emp_1412,IT,87994,2132-09-30,1
2413,Emp_1413,Sales,47728,2132-10-31,4
2414,Emp_1414,Finance,92105,2132-11-30,6
2415,Emp_1415,IT,50920,2132-12-31,1
2416,Emp_1416,HR,96761,2133-01-31,5
2417,Emp_1417,IT,51667,2133-02-28,1
2418,Emp_1418,Sales,89286,2133-03-31,2
2419,Emp_1419,Sales,23243,2133-04-30,6
2420,Emp_1420,Finance,73868,2133-05-31,9
2421,Emp_1421,Sales,29684,2133-06-30,6
2422,Emp_1422,Sales,39870,2133-07-31,8
2423,Emp_1423,Finance,23753,2133-08-31,5
2424,Emp_1424,IT,87920,2133-09-30,3
2425,Emp_1425,HR,87581,2133-10-31,6
2426,Emp_1426,IT,35265,2133-11-30,8
2427,Emp_1427,IT,21350,2133-12-31,4
2428,Emp_1428,Finance,73580,2134-01-31,9
2429,Emp_1429,Sales,82143,2134-02-28,7
2430,Emp_1430,HR,84815,2134-03-31,9
2431,Emp_1431,IT,62322,2134-04-30,6
2432,Emp_1432,IT,26953,2134-05-31,3
2433,Emp_1433,Sales,73754,2134-06-30,2
2434,Emp_1434,Finance,58351,2134-07-31,1
2435,Emp_1435,Finance,78918,2134-08-31,8
2436,Emp_1436,Sales,48842,2134-09-30,1
2437,Emp_1437,HR,61178,2134-10-31,7
2438,Emp_1438,Finance,58928,2134-11-30,4
2439,Emp_1439,Sales,73291,2134-12-31,5
2440,Emp_1440,IT,48582,2135-01-31,9
2441,Emp_1441,Sales,53088,2135-02-28,3
2442,Emp_1442,HR,51264,2135-03-31,4
2443,Emp_1443,Sales,86095,2135-04-30,4
2444,Emp_1444,IT,57249,2135-05-31,2
2445,Emp_1445,HR,21849,2135-06-30,2
2446,Emp_1446,Sales,43084,2135-07-31,6
2447,Emp_1447,IT,62934,2135-08-31,6
2448,Emp_1448,Sales,61935,2135-09-30,9
2449,Emp_1449,Sales,71479,2135-10-31,7
2450,Emp_1450,HR,21955,2135-11-30,9
2451,Emp_1451,IT,20044,2135-12-31,7
2452,Emp_1452,HR,40965,2136-01-31,6
2453,Emp_1453,IT,64202,2136-02-29,1
2454,Emp_1454,Sales,82315,2136-03-31,5
2455,Emp_1455,HR,49363,2136-04-30,8
2456,Emp_1456,HR,74352,2136-05-31,3
2457,Emp_1457,HR,75388,2136-06-30,7
2458,Emp_1458,Sales,70016,2136-07-31,5
2459,Emp_1459,HR,36704,2136-08-31,2
2460,Emp_1460,IT,55387,2136-09-30,6
2461,Emp_1461,IT,83111,2136-10-31,4
2462,Emp_1462,HR,98572,2136-11-30,8
2463,Emp_1463,HR,67595,2136-12-31,9
2464,Emp_1464,Finance,43567,2137-01-31,3
2465,Emp_1465,IT,68355,2137-02-28,7
2466,Emp_1466,HR,41110,2137-03-31,8
2467,Emp_1467,Finance,29009,2137-04-30,4
2468,Emp_1468,Finance,68794,2137-05-31,4
2469,Emp_1469,IT,24323,2137-06-30,9
2470,Emp_1470,HR,34413,2137-07-31,5
2471,Emp_1471,Finance,32793,2137-08-31,2
2472,Emp_1472,Finance,89928,2137-09-30,6
2473,Emp_1473,Finance,67310,2137-10-31,5
2474,Emp_1474,IT,78703,2137-11-30,3
2475,Emp_1475,Finance,21105,2137-12-31,5
2476,Emp_1476,Finance,28530,2138-01-31,5
2477,Emp_1477,Sales,73736,2138-02-28,9
2478,Emp_1478,HR,20949,2138-03-31,8
2479,Emp_1479,IT,50204,2138-04-30,9
2480,Emp_1480,IT,26232,2138-05-31,2
2481,Emp_1481,Finance,61136,2138-06-30,6
2482,Emp_1482,Finance,94437,2138-07-31,7
2483,Emp_1483,IT,55153,2138-08-31,9
2484,Emp_1484,Sales,49131,2138-09-30,5
2485,Emp_1485,IT,86419,2138-10-31,8
2486,Emp_1486,Sales,67099,2138-11-30,6
2487,Emp_1487,Sales,39376,2138-12-31,1
2488,Emp_1488,Finance,42797,2139-01-31,1
2489,Emp_1489,IT,41810,2139-02-28,5
2490,Emp_1490,IT,83739,2139-03-31,4
2491,Emp_1491,Finance,24720,2139-04-30,7
2492,Emp_1492,HR,21193,2139-05-31,3
2493,Emp_1493,Finance,77838,2139-06-30,1
2494,Emp_1494,Finance,88000,2139-07-31,7
2495,Emp_1495,Finance,38071,2139-08-31,6
2496,Emp_1496,Sales,39430,2139-09-30,3
2497,Emp_1497,Sales,45197,2139-10-31,6
2498,Emp_1498,Finance,94486,2139-11-30,9
2499,Emp_1499,HR,82322,2139-12-31,6
2500,Emp_1500,Finance,20306,2140-01-31,6
2501,Emp_1501,Finance,95980,2140-02-29,6
2502,Emp_1502,Finance,40388,2140-03-31,4
2503,Emp_1503,Finance,73822,2140-04-30,6
2504,Emp_1504,Finance,62550,2140-05-31,1
2505,Emp_1505,IT,82264,2140-06-30,7
2506,Emp_1506,Finance,74566,2140-07-31,7
2507,Emp_1507,Sales,85308,2140-08-31,5
2508,Emp_1508,IT,52389,2140-09-30,1
2509,Emp_1509,HR,60361,2140-10-31,6
2510,Emp_1510,Sales,86029,2140-11-30,2
2511,Emp_1511,Finance,84674,2140-12-31,8
2512,Emp_1512,Finance,81305,2141-01-31,5
2513,Emp_1513,Finance,22645,2141-02-28,3
2514,Emp_1514,Sales,50252,2141-03-31,7
2515,Emp_1515,HR,96368,2141-04-30,9
2516,Emp_1516,HR,60707,2141-05-31,8
2517,Emp_1517,Finance,91562,2141-06-30,5
2518,Emp_1518,HR,75803,2141-07-31,1
2519,Emp_1519,HR,34035,2141-08-31,5
2520,Emp_1520,Sales,88793,2141-09-30,2
2521,Emp_1521,IT,96355,2141-10-31,6
2522,Emp_1522,HR,37538,2141-11-30,6
2523,Emp_1523,HR,63196,2141-12-31,4
2524,Emp_1524,IT,99814,2142-01-31,4
2525,Emp_1525,Finance,98517,2142-02-28,3
2526,Emp_1526,Sales,20756,2142-03-31,9
2527,Emp_1527,HR,25402,2142-04-30,3
2528,Emp_1528,HR,38369,2142-05-31,1
2529,Emp_1529,IT,24495,2142-06-30,6
2530,Emp_1530,IT,43656,2142-07-31,9
2531,Emp_1531,IT,56420,2142-08-31,4
2532,Emp_1532,IT,79051,2142-09-30,4
2533,Emp_1533,Sales,76996,2142-10-31,4
2534,Emp_1534,Sales,38461,2142-11-30,1
2535,Emp_1535,HR,88098,2142-12-31,5
2536,Emp_1536,Sales,41177,2143-01-31,4
2537,Emp_1537,Finance,32661,2143-02-28,8
2538,Emp_1538,IT,45726,2143-03-31,6
2539,Emp_1539,Finance,31495,2143-04-30,5
2540,Emp_1540,Sales,78033,2143-05-31,2
2541,Emp_1541,HR,23457,2143-06-30,5
2542,Emp_1542,Finance,54621,2143-07-31,3
2543,Emp_1543,IT,87019,2143-08-31,5
2544,Emp_1544,IT,43689,2143-09-30,3
2545,Emp_1545,HR,68005,2143-10-31,1
2546,Emp_1546,Finance,67982,2143-11-30,2
2547,Emp_1547,Finance,73117,2143-12-31,1
2548,Emp_1548,Finance,95517,2144-01-31,6
2549,Emp_1549,IT,94898,2144-02-29,7
2550,Emp_1550,HR,71990,2144-03-31,1
2551,Emp_1551,Sales,35404,2144-04-30,1
2552,Emp_1552,Sales,79202,2144-05-31,1
2553,Emp_1553,Finance,89895,2144-06-30,5
2554,Emp_1554,IT,27727,2144-07-31,1
2555,Emp_1555,IT,60633,2144-08-31,3
2556,Emp_1556,Sales,82605,2144-09-30,8
2557,Emp_1557,Sales,28400,2144-10-31,9
2558,Emp_1558,HR,59219,2144-11-30,4
2559,Emp_1559,Finance,57925,2144-12-31,7
2560,Emp_1560,Finance,89167,2145-01-31,1
2561,Emp_1561,Finance,45564,2145-02-28,5
2562,Emp_1562,Finance,84556,2145-03-31,2
2563,Emp_1563,IT,77072,2145-04-30,9
2564,Emp_1564,Sales,37325,2145-05-31,3
2565,Emp_1565,Sales,37003,2145-06-30,8
2566,Emp_1566,Finance,52832,2145-07-31,3
2567,Emp_1567,HR,93702,2145-08-31,4
2568,Emp_1568,IT,90730,2145-09-30,5
2569,Emp_1569,HR,80283,2145-10-31,6
2570,Emp_1570,Sales,27484,2145-11-30,5
2571,Emp_1571,IT,75677,2145-12-31,4
2572,Emp_1572,HR,69212,2146-01-31,3
2573,Emp_1573,Finance,24315,2146-02-28,9
2574,Emp_1574,Finance,75998,2146-03-31,3
2575,Emp_1575,Sales,58567,2146-04-30,7
2576,Emp_1576,Finance,98238,2146-05-31,1
2577,Emp_1577,Finance,41732,2146-06-30,4
2578,Emp_1578,HR,25171,2146-07-31,9
2579,Emp_1579,Sales,97008,2146-08-31,3
2580,Emp_1580,HR,25694,2146-09-30,2
2581,Emp_1581,IT,51802,2146-10-31,2
2582,Emp_1582,Finance,96927,2146-11-30,4
2583,Emp_1583,Sales,83089,2146-12-31,6
2584,Emp_1584,Finance,78539,2147-01-31,3
2585,Emp_1585,Sales,64678,2147-02-28,5
2586,Emp_1586,Finance,54484,2147-03-31,3
2587,Emp_1587,Sales,25561,2147-04-30,7
2588,Emp_1588,Sales,95834,2147-05-31,1
2589,Emp_1589,IT,50553,2147-06-30,4
2590,Emp_1590,Finance,23229,2147-07-31,1
2591,Emp_1591,Sales,34464,2147-08-31,5
2592,Emp_1592,HR,23687,2147-09-30,5
2593,Emp_1593,Finance,99612,2147-10-31,2
2594,Emp_1594,Finance,22676,2147-11-30,1
2595,Emp_1595,HR,35631,2147-12-31,8
2596,Emp_1596,Sales,58647,2148-01-31,5
2597,Emp_1597,Finance,99278,2148-02-29,1
2598,Emp_1598,HR,48937,2148-03-31,4
2599,Emp_1599,IT,28825,2148-04-30,8
2600,Emp_1600,Finance,60355,2148-05-31,8
2601,Emp_1601,Sales,33973,2148-06-30,1
2602,Emp_1602,Finance,25736,2148-07-31,9
2603,Emp_1603,HR,64080,2148-08-31,1
2604,Emp_1604,Sales,47076,2148-09-30,3
2605,Emp_1605,Finance,38198,2148-10-31,9
2606,Emp_1606,Sales,70039,2148-11-30,4
2607,Emp_1607,Sales,90577,2148-12-31,6
2608,Emp_1608,IT,37584,2149-01-31,8
2609,Emp_1609,HR,89132,2149-02-28,4
2610,Emp_1610,HR,41067,2149-03-31,6
2611,Emp_1611,Sales,38279,2149-04-30,3
2612,Emp_1612,Finance,54143,2149-05-31,1
2613,Emp_1613,Sales,62069,2149-06-30,7
2614,Emp_1614,HR,69910,2149-07-31,9
2615,Emp_1615,HR,31598,2149-08-31,4
2616,Emp_1616,Finance,61292,2149-09-30,1
2617,Emp_1617,Sales,90022,2149-10-31,6
2618,Emp_1618,Finance,67274,2149-11-30,4
2619,Emp_1619,Sales,91767,2149-12-31,6
2620,Emp_1620,Finance,98046,2150-01-31,1
2621,Emp_1621,HR,79790,2150-02-28,6
2622,Emp_1622,Finance,70858,2150-03-31,2
2623,Emp_1623,Finance,32593,2150-04-30,5
2624,Emp_1624,Finance,66816,2150-05-31,7
2625,Emp_1625,IT,71511,2150-06-30,5
2626,Emp_1626,HR,42361,2150-07-31,3
2627,Emp_1627,HR,43475,2150-08-31,9
2628,Emp_1628,IT,36062,2150-09-30,7
2629,Emp_1629,Sales,51222,2150-10-31,8
2630,Emp_1630,Sales,58400,2150-11-30,8
2631,Emp_1631,Sales,27346,2150-12-31,8
2632,Emp_1632,IT,40328,2151-01-31,7
2633,Emp_1633,Finance,28289,2151-02-28,5
2634,Emp_1634,IT,79869,2151-03-31,8
2635,Emp_1635,Finance,26026,2151-04-30,6
2636,Emp_1636,IT,84742,2151-05-31,5
2637,Emp_1637,HR,83719,2151-06-30,1
2638,Emp_1638,Finance,24274,2151-07-31,7
2639,Emp_1639,Sales,36154,2151-08-31,9
2640,Emp_1640,Finance,36158,2151-09-30,1
2641,Emp_1641,HR,93620,2151-10-31,6
2642,Emp_1642,Finance,76602,2151-11-30,9
2643,Emp_1643,Finance,92870,2151-12-31,3
2644,Emp_1644,Finance,32148,2152-01-31,7
2645,Emp_1645,Finance,88238,2152-02-29,8
2646,Emp_1646,HR,48917,2152-03-31,3
2647,Emp_1647,Sales,34636,2152-04-30,8
2648,Emp_1648,Sales,34853,2152-05-31,3
2649,Emp_1649,Finance,33534,2152-06-30,1
2650,Emp_1650,IT,78130,2152-07-31,4
2651,Emp_1651,Finance,52795,2152-08-31,3
2652,Emp_1652,HR,94729,2152-09-30,1
2653,Emp_1653,Sales,52555,2152-10-31,9
2654,Emp_1654,IT,77122,2152-11-30,7
2655,Emp_1655,Finance,96293,2152-12-31,5
2656,Emp_1656,HR,57539,2153-01-31,9
2657,Emp_1657,IT,58423,2153-02-28,3
2658,Emp_1658,Finance,90315,2153-03-31,9
2659,Emp_1659,Sales,48748,2153-04-30,8
2660,Emp_1660,Finance,23437,2153-05-31,9
2661,Emp_1661,HR,29882,2153-06-30,9
2662,Emp_1662,IT,95097,2153-07-31,9
2663,Emp_1663,Sales,69765,2153-08-31,5
2664,Emp_1664,HR,73425,2153-09-30,7
2665,Emp_1665,Sales,41042,2153-10-31,7
2666,Emp_1666,Sales,64411,2153-11-30,4
2667,Emp_1667,Sales,52728,2153-12-31,7
2668,Emp_1668,Sales,24210,2154-01-31,9
2669,Emp_1669,IT,42894,2154-02-28,6
2670,Emp_1670,HR,72085,2154-03-31,7
2671,Emp_1671,Sales,98481,2154-04-30,3
2672,Emp_1672,IT,72612,2154-05-31,2
2673,Emp_1673,HR,78097,2154-06-30,1
2674,Emp_1674,Finance,88662,2154-07-31,3
2675,Emp_1675,HR,56146,2154-08-31,6
2676,Emp_1676,Finance,27061,2154-09-30,3
2677,Emp_1677,Sales,25700,2154-10-31,6
2678,Emp_1678,HR,23906,2154-11-30,8
2679,Emp_1679,Finance,88352,2154-12-31,9
2680,Emp_1680,Finance,28785,2155-01-31,9
2681,Emp_1681,Sales,78038,2155-02-28,1
2682,Emp_1682,Finance,42248,2155-03-31,8
2683,Emp_1683,Finance,60901,2155-04-30,2
2684,Emp_1684,Finance,79242,2155-05-31,7
2685,Emp_1685,Finance,51963,2155-06-30,3
2686,Emp_1686,Sales,30736,2155-07-31,7
2687,Emp_1687,HR,88786,2155-08-31,6
2688,Emp_1688,IT,28462,2155-09-30,3
2689,Emp_1689,IT,89313,2155-10-31,8
2690,Emp_1690,Sales,99283,2155-11-30,3
2691,Emp_1691,IT,54707,2155-12-31,7
2692,Emp_1692,Finance,29401,2156-01-31,5
2693,Emp_1693,Finance,44515,2156-02-29,7
2694,Emp_1694,Sales,29181,2156-03-31,5
2695,Emp_1695,Finance,62963,2156-04-30,9
2696,Emp_1696,IT,74036,2156-05-31,1
2697,Emp_1697,HR,71960,2156-06-30,8
2698,Emp_1698,Sales,82307,2156-07-31,2
2699,Emp_1699,Sales,41811,2156-08-31,9
2700,Emp_1700,IT,30743,2156-09-30,9
2701,Emp_1701,HR,95239,2156-10-31,1
2702,Emp_1702,Finance,74881,2156-11-30,6
2703,Emp_1703,Sales,62098,2156-12-31,3
2704,Emp_1704,Finance,48798,2157-01-31,3
2705,Emp_1705,Finance,58263,2157-02-28,7
2706,Emp_1706,Finance,88831,2157-03-31,8
2707,Emp_1707,Sales,33219,2157-04-30,5
2708,Emp_1708,IT,23145,2157-05-31,9
2709,Emp_1709,HR,49780,2157-06-30,5
2710,Emp_1710,Finance,65290,2157-07-31,4
2711,Emp_1711,Finance,87151,2157-08-31,3
2712,Emp_1712,Finance,78076,2157-09-30,8
2713,Emp_1713,Finance,54437,2157-10-31,7
2714,Emp_1714,HR,87384,2157-11-30,1
2715,Emp_1715,IT,98034,2157-12-31,9
2716,Emp_1716,IT,97693,2158-01-31,2
2717,Emp_1717,Finance,95167,2158-02-28,7
2718,Emp_1718,Sales,53654,2158-03-31,8
2719,Emp_1719,IT,89512,2158-04-30,9
2720,Emp_1720,HR,42849,2158-05-31,2
2721,Emp_1721,Finance,46846,2158-06-30,2
2722,Emp_1722,IT,29202,2158-07-31,1
2723,Emp_1723,Finance,91763,2158-08-31,6
2724,Emp_1724,Finance,84141,2158-09-30,9
2725,Emp_1725,IT,65059,2158-10-31,8
2726,Emp_1726,HR,98798,2158-11-30,8
2727,Emp_1727,Finance,89994,2158-12-31,2
2728,Emp_1728,IT,79907,2159-01-31,8
2729,Emp_1729,Finance,98262,2159-02-28,6
2730,Emp_1730,Finance,56878,2159-03-31,3
2731,Emp_1731,Finance,91148,2159-04-30,8
2732,Emp_1732,Sales,81124,2159-05-31,7
2733,Emp_1733,IT,68894,2159-06-30,3
2734,Emp_1734,Sales,53852,2159-07-31,7
2735,Emp_1735,Sales,27630,2159-08-31,6
2736,Emp_1736,Finance,76282,2159-09-30,4
2737,Emp_1737,Finance,47520,2159-10-31,5
2738,Emp_1738,IT,26484,2159-11-30,7
2739,Emp_1739,Sales,71625,2159-12-31,8
2740,Emp_1740,HR,54034,2160-01-31,2
2741,Emp_1741,Sales,99630,2160-02-29,4
2742,Emp_1742,Sales,76266,2160-03-31,7
2743,Emp_1743,IT,37674,2160-04-30,3
2744,Emp_1744,Finance,46754,2160-05-31,7
2745,Emp_1745,Finance,54005,2160-06-30,9
2746,Emp_1746,IT,76299,2160-07-31,7
2747,Emp_1747,Sales,62012,2160-08-31,7
2748,Emp_1748,Sales,63736,2160-09-30,6
2749,Emp_1749,IT,75685,2160-10-31,4
2750,Emp_1750,Finance,81008,2160-11-30,9
2751,Emp_1751,IT,78765,2160-12-31,6
2752,Emp_1752,IT,87587,2161-01-31,3
2753,Emp_1753,Finance,86186,2161-02-28,6
2754,Emp_1754,Finance,24631,2161-03-31,8
2755,Emp_1755,IT,50819,2161-04-30,7
2756,Emp_1756,Finance,84739,2161-05-31,1
2757,Emp_1757,Sales,77175,2161-06-30,5
2758,Emp_1758,Sales,37013,2161-07-31,4
2759,Emp_1759,Finance,71284,2161-08-31,8
2760,Emp_1760,HR,86047,2161-09-30,4
2761,Emp_1761,HR,50113,2161-10-31,8
2762,Emp_1762,HR,39757,2161-11-30,3
2763,Emp_1763,HR,69508,2161-12-31,6
2764,Emp_1764,HR,45296,2162-01-31,7
2765,Emp_1765,Sales,63714,2162-02-28,1
2766,Emp_1766,Sales,93972,2162-03-31,2
2767,Emp_1767,HR,49349,2162-04-30,4
2768,Emp_1768,Finance,95952,2162-05-31,1
2769,Emp_1769,Sales,76050,2162-06-30,3
2770,Emp_1770,Sales,46788,2162-07-31,7
2771,Emp_1771,Finance,24492,2162-08-31,8
2772,Emp_1772,Finance,50121,2162-09-30,9
2773,Emp_1773,Sales,20168,2162-10-31,8
2774,Emp_1774,HR,91232,2162-11-30,7
2775,Emp_1775,Sales,54820,2162-12-31,4
2776,Emp_1776,Finance,45984,2163-01-31,6
2777,Emp_1777,Sales,84893,2163-02-28,1
2778,Emp_1778,IT,28490,2163-03-31,1
2779,Emp_1779,HR,82214,2163-04-30,7
2780,Emp_1780,Finance,50564,2163-05-31,6
2781,Emp_1781,Sales,47457,2163-06-30,2
2782,Emp_1782,Sales,56538,2163-07-31,4
2783,Emp_1783,HR,38479,2163-08-31,8
2784,Emp_1784,Sales,82783,2163-09-30,7
2785,Emp_1785,Sales,51858,2163-10-31,8
2786,Emp_1786,Sales,43894,2163-11-30,4
2787,Emp_1787,Sales,64547,2163-12-31,5
2788,Emp_1788,IT,31098,2164-01-31,9
2789,Emp_1789,Finance,69515,2164-02-29,3
2790,Emp_1790,IT,71114,2164-03-31,5
2791,Emp_1791,Finance,26828,2164-04-30,2
2792,Emp_1792,IT,52248,2164-05-31,9
2793,Emp_1793,Sales,36079,2164-06-30,1
2794,Emp_1794,HR,88953,2164-07-31,4
2795,Emp_1795,Sales,23914,2164-08-31,4
2796,Emp_1796,Sales,30823,2164-09-30,3
2797,Emp_1797,Sales,46165,2164-10-31,5
2798,Emp_1798,IT,95213,2164-11-30,2
2799,Emp_1799,IT,99500,2164-12-31,8
2800,Emp_1800,HR,76880,2165-01-31,1
2801,Emp_1801,Finance,46772,2165-02-28,7
2802,Emp_1802,Sales,96356,2165-03-31,1
2803,Emp_1803,Finance,54971,2165-04-30,6
2804,Emp_1804,Sales,79343,2165-05-31,2
2805,Emp_1805,IT,51035,2165-06-30,4
2806,Emp_1806,HR,34552,2165-07-31,4
2807,Emp_1807,Finance,77691,2165-08-31,6
2808,Emp_1808,IT,89036,2165-09-30,5
2809,Emp_1809,Finance,91451,2165-10-31,8
2810,Emp_1810,Sales,40559,2165-11-30,6
2811,Emp_1811,Finance,70142,2165-12-31,8
2812,Emp_1812,Finance,61513,2166-01-31,6
2813,Emp_1813,IT,97673,2166-02-28,5
2814,Emp_1814,Sales,30509,2166-03-31,3
2815,Emp_1815,IT,23101,2166-04-30,2
2816,Emp_1816,Finance,83887,2166-05-31,7
2817,Emp_1817,HR,40295,2166-06-30,8
2818,Emp_1818,HR,44757,2166-07-31,8
2819,Emp_1819,Finance,38835,2166-08-31,9
2820,Emp_1820,HR,77341,2166-09-30,7
2821,Emp_1821,HR,43287,2166-10-31,8
2822,Emp_1822,Sales,63533,2166-11-30,4
2823,Emp_1823,HR,48792,2166-12-31,6
2824,Emp_1824,HR,76962,2167-01-31,7
2825,Emp_1825,IT,46194,2167-02-28,9
2826,Emp_1826,Finance,97590,2167-03-31,8
2827,Emp_1827,IT,37677,2167-04-30,6
2828,Emp_1828,IT,35384,2167-05-31,3
2829,Emp_1829,Finance,89488,2167-06-30,1
2830,Emp_1830,Sales,59449,2167-07-31,6
2831,Emp_1831,Sales,24728,2167-08-31,2
2832,Emp_1832,HR,23624,2167-09-30,2
2833,Emp_1833,IT,74823,2167-10-31,9
2834,Emp_1834,IT,96226,2167-11-30,6
2835,Emp_1835,HR,52154,2167-12-31,3
2836,Emp_1836,IT,51970,2168-01-31,7
2837,Emp_1837,HR,78879,2168-02-29,8
2838,Emp_1838,Sales,62291,2168-03-31,6
2839,Emp_1839,Finance,53195,2168-04-30,5
2840,Emp_1840,HR,30780,2168-05-31,4
2841,Emp_1841,Sales,85971,2168-06-30,1
2842,Emp_1842,HR,36998,2168-07-31,1
2843,Emp_1843,IT,85091,2168-08-31,8
2844,Emp_1844,Finance,82575,2168-09-30,5
2845,Emp_1845,Finance,48891,2168-10-31,9
2846,Emp_1846,HR,22743,2168-11-30,2
2847,Emp_1847,IT,65239,2168-12-31,9
2848,Emp_1848,Sales,20139,2169-01-31,8
2849,Emp_1849,IT,45778,2169-02-28,3
2850,Emp_1850,HR,38347,2169-03-31,8
2851,Emp_1851,Sales,94944,2169-04-30,1
2852,Emp_1852,Finance,66901,2169-05-31,7
2853,Emp_1853,HR,27989,2169-06-30,6
2854,Emp_1854,IT,59355,2169-07-31,3
2855,Emp_1855,Sales,73909,2169-08-31,7
2856,Emp_1856,Sales,55281,2169-09-30,2
2857,Emp_1857,HR,97885,2169-10-31,6
2858,Emp_1858,Finance,21899,2169-11-30,1
2859,Emp_1859,Finance,83210,2169-12-31,4
2860,Emp_1860,IT,94513,2170-01-31,6
2861,Emp_1861,Sales,78290,2170-02-28,8
2862,Emp_1862,Sales,69515,2170-03-31,8
2863,Emp_1863,Finance,72902,2170-04-30,7
2864,Emp_1864,HR,40048,2170-05-31,4
2865,Emp_1865,IT,34811,2170-06-30,2
2866,Emp_1866,HR,76251,2170-07-31,9
2867,Emp_1867,IT,67258,2170-08-31,8
2868,Emp_1868,Finance,62903,2170-09-30,8
2869,Emp_1869,Finance,56767,2170-10-31,9
2870,Emp_1870,Finance,43586,2170-11-30,8
2871,Emp_1871,Finance,89399,2170-12-31,8
2872,Emp_1872,Sales,82297,2171-01-31,9
2873,Emp_1873,HR,53212,2171-02-28,1
2874,Emp_1874,IT,87459,2171-03-31,1
2875,Emp_1875,HR,48240,2171-04-30,8
2876,Emp_1876,Sales,44697,2171-05-31,5
2877,Emp_1877,IT,87877,2171-06-30,9
2878,Emp_1878,HR,50062,2171-07-31,5
2879,Emp_1879,IT,94982,2171-08-31,3
2880,Emp_1880,Sales,25038,2171-09-30,4
2881,Emp_1881,Finance,53267,2171-10-31,3
2882,Emp_1882,HR,82190,2171-11-30,1
2883,Emp_1883,Sales,47913,2171-12-31,3
2884,Emp_1884,HR,46289,2172-01-31,7
2885,Emp_1885,Finance,84053,2172-02-29,7
2886,Emp_1886,Finance,23614,2172-03-31,9
2887,Emp_1887,HR,75339,2172-04-30,5
2888,Emp_1888,HR,20754,2172-05-31,3
2889,Emp_1889,Finance,87479,2172-06-30,4
2890,Emp_1890,IT,26540,2172-07-31,5
2891,Emp_1891,Finance,45365,2172-08-31,2
2892,Emp_1892,IT,28799,2172-09-30,3
2893,Emp_1893,Finance,21532,2172-10-31,1
2894,Emp_1894,IT,66960,2172-11-30,1
2895,Emp_1895,HR,46134,2172-12-31,1
2896,Emp_1896,Sales,28103,2173-01-31,4
2897,Emp_1897,HR,69110,2173-02-28,8
2898,Emp_1898,Sales,87063,2173-03-31,2
2899,Emp_1899,Sales,49337,2173-04-30,7
2900,Emp_1900,Sales,96399,2173-05-31,4
2901,Emp_1901,Sales,77801,2173-06-30,4
2902,Emp_1902,HR,66194,2173-07-31,8
2903,Emp_1903,Finance,51200,2173-08-31,4
2904,Emp_1904,HR,85315,2173-09-30,8
2905,Emp_1905,HR,95846,2173-10-31,5
2906,Emp_1906,Finance,24739,2173-11-30,3
2907,Emp_1907,Sales,43728,2173-12-31,3
2908,Emp_1908,Finance,68699,2174-01-31,2
2909,Emp_1909,Sales,74973,2174-02-28,2
2910,Emp_1910,Sales,89582,2174-03-31,1
2911,Emp_1911,Finance,44873,2174-04-30,7
2912,Emp_1912,Finance,39047,2174-05-31,5
2913,Emp_1913,Sales,85721,2174-06-30,6
2914,Emp_1914,Sales,97107,2174-07-31,1
2915,Emp_1915,HR,59242,2174-08-31,3
2916,Emp_1916,HR,75936,2174-09-30,9
2917,Emp_1917,Finance,38552,2174-10-31,2
2918,Emp_1918,HR,48771,2174-11-30,3
2919,Emp_1919,HR,65459,2174-12-31,1
2920,Emp_1920,Sales,58103,2175-01-31,1
2921,Emp_1921,IT,75744,2175-02-28,9
2922,Emp_1922,Sales,92942,2175-03-31,4
2923,Emp_1923,IT,30802,2175-04-30,2
2924,Emp_1924,IT,35500,2175-05-31,5
2925,Emp_1925,HR,78872,2175-06-30,4
2926,Emp_1926,Sales,61440,2175-07-31,4
2927,Emp_1927,Sales,57897,2175-08-31,9
2928,Emp_1928,Finance,55982,2175-09-30,9
2929,Emp_1929,Finance,47971,2175-10-31,8
2930,Emp_1930,Finance,26802,2175-11-30,5
2931,Emp_1931,HR,58248,2175-12-31,9
2932,Emp_1932,IT,31694,2176-01-31,6
2933,Emp_1933,Sales,94605,2176-02-29,8
2934,Emp_1934,IT,28469,2176-03-31,1
2935,Emp_1935,HR,46110,2176-04-30,2
2936,Emp_1936,IT,48291,2176-05-31,1
2937,Emp_1937,IT,58746,2176-06-30,5
2938,Emp_1938,Finance,27039,2176-07-31,6
2939,Emp_1939,IT,97442,2176-08-31,7
2940,Emp_1940,HR,85213,2176-09-30,7
2941,Emp_1941,Sales,86963,2176-10-31,8
2942,Emp_1942,IT,75716,2176-11-30,9
2943,Emp_1943,Finance,76321,2176-12-31,7
2944,Emp_1944,HR,30750,2177-01-31,8
2945,Emp_1945,Finance,31301,2177-02-28,3
2946,Emp_1946,Sales,22094,2177-03-31,1
2947,Emp_1947,IT,82367,2177-04-30,5
2948,Emp_1948,HR,44667,2177-05-31,9
2949,Emp_1949,HR,65225,2177-06-30,2
2950,Emp_1950,Sales,21261,2177-07-31,8
2951,Emp_1951,HR,64440,2177-08-31,6
2952,Emp_1952,HR,35086,2177-09-30,8
2953,Emp_1953,IT,31923,2177-10-31,9
2954,Emp_1954,HR,20745,2177-11-30,8
2955,Emp_1955,Finance,64322,2177-12-31,3
2956,Emp_1956,HR,62283,2178-01-31,9
2957,Emp_1957,Finance,70354,2178-02-28,9
2958,Emp_1958,Sales,39521,2178-03-31,5
2959,Emp_1959,Sales,79607,2178-04-30,2
2960,Emp_1960,Finance,39408,2178-05-31,2
2961,Emp_1961,HR,31660,2178-06-30,2
2962,Emp_1962,HR,68276,2178-07-31,3
2963,Emp_1963,Sales,36671,2178-08-31,4
2964,Emp_1964,IT,52621,2178-09-30,3
2965,Emp_1965,Sales,63093,2178-10-31,8
2966,Emp_1966,Sales,28654,2178-11-30,1
2967,Emp_1967,IT,42597,2178-12-31,4
2968,Emp_1968,Finance,42588,2179-01-31,1
2969,Emp_1969,HR,80916,2179-02-28,3
2970,Emp_1970,Sales,54783,2179-03-31,7
2971,Emp_1971,HR,42327,2179-04-30,9
2972,Emp_1972,Sales,40126,2179-05-31,7
2973,Emp_1973,Finance,36449,2179-06-30,2
2974,Emp_1974,Finance,34752,2179-07-31,8
2975,Emp_1975,HR,98137,2179-08-31,6
2976,Emp_1976,IT,41511,2179-09-30,3
2977,Emp_1977,Finance,80247,2179-10-31,1
2978,Emp_1978,HR,83790,2179-11-30,6
2979,Emp_1979,Finance,81168,2179-12-31,1
2980,Emp_1980,Sales,56287,2180-01-31,4
2981,Emp_1981,Sales,98939,2180-02-29,8
2982,Emp_1982,Sales,58187,2180-03-31,2
2983,Emp_1983,IT,37037,2180-04-30,1
2984,Emp_1984,HR,26394,2180-05-31,9
2985,Emp_1985,HR,63430,2180-06-30,8
2986,Emp_1986,HR,83845,2180-07-31,4
2987,Emp_1987,Finance,70686,2180-08-31,7
2988,Emp_1988,Finance,71969,2180-09-30,1
2989,Emp_1989,Sales,25833,2180-10-31,3
2990,Emp_1990,Sales,46393,2180-11-30,4
2991,Emp_1991,IT,99203,2180-12-31,4
2992,Emp_1992,Sales,98054,2181-01-31,4
2993,Emp_1993,Finance,38385,2181-02-28,5
2994,Emp_1994,Finance,73055,2181-03-31,5
2995,Emp_1995,Sales,74907,2181-04-30,4
2996,Emp_1996,IT,70023,2181-05-31,4
2997,Emp_1997,HR,62854,2181-06-30,2
2998,Emp_1998,Sales,79389,2181-07-31,7
2999,Emp_1999,Finance,75184,2181-08-31,3
