Record ID,Date,Location,Vehicle Type,Speed (km/h),Accidents
1,2023-01-01 00:00:00,Highway,Bike,118,4
2,2023-01-01 01:00:00,City Center,Truck,84,2
3,2023-01-01 02:00:00,Highway,Bus,32,3
4,2023-01-01 03:00:00,Suburb,Truck,112,2
5,2023-01-01 04:00:00,Suburb,Bike,85,3
6,2023-01-01 05:00:00,Highway,Car,96,4
7,2023-01-01 06:00:00,Suburb,Truck,101,0
8,2023-01-01 07:00:00,City Center,Bus,114,0
9,2023-01-01 08:00:00,City Center,Truck,60,0
10,2023-01-01 09:00:00,Suburb,Bus,96,0
11,2023-01-01 10:00:00,Highway,Bike,26,3
12,2023-01-01 11:00:00,Highway,Bike,100,4
13,2023-01-01 12:00:00,Highway,Car,84,4
14,2023-01-01 13:00:00,City Center,Bike,104,3
15,2023-01-01 14:00:00,Suburb,Bike,61,1
16,2023-01-01 15:00:00,Highway,Truck,92,2
17,2023-01-01 16:00:00,Suburb,Bus,103,2
18,2023-01-01 17:00:00,Suburb,Bus,42,2
19,2023-01-01 18:00:00,Suburb,Bike,58,1
20,2023-01-01 19:00:00,City Center,Truck,65,1
21,2023-01-01 20:00:00,Suburb,Bike,75,1
22,2023-01-01 21:00:00,Highway,Bus,75,2
23,2023-01-01 22:00:00,City Center,Truck,33,4
24,2023-01-01 23:00:00,Highway,Bus,90,1
25,2023-01-02 00:00:00,Highway,Car,74,1
26,2023-01-02 01:00:00,Suburb,Bike,106,0
27,2023-01-02 02:00:00,Suburb,Truck,40,0
28,2023-01-02 03:00:00,City Center,Truck,41,4
29,2023-01-02 04:00:00,Suburb,Bus,84,3
30,2023-01-02 05:00:00,Highway,Car,48,0
31,2023-01-02 06:00:00,Highway,Car,97,1
32,2023-01-02 07:00:00,Suburb,Car,41,3
33,2023-01-02 08:00:00,Highway,Truck,104,2
34,2023-01-02 09:00:00,Suburb,Bike,27,1
35,2023-01-02 10:00:00,Highway,Bus,112,1
36,2023-01-02 11:00:00,Suburb,Car,95,2
37,2023-01-02 12:00:00,City Center,Truck,81,2
38,2023-01-02 13:00:00,Suburb,Truck,39,1
39,2023-01-02 14:00:00,Highway,Car,99,2
40,2023-01-02 15:00:00,Suburb,Bus,22,1
41,2023-01-02 16:00:00,City Center,Car,112,0
42,2023-01-02 17:00:00,Suburb,Truck,33,3
43,2023-01-02 18:00:00,City Center,Truck,116,0
44,2023-01-02 19:00:00,City Center,Bike,80,1
45,2023-01-02 20:00:00,Highway,Bike,88,2
46,2023-01-02 21:00:00,City Center,Car,35,0
47,2023-01-02 22:00:00,Suburb,Bike,25,3
48,2023-01-02 23:00:00,Highway,Bus,34,0
49,2023-01-03 00:00:00,Suburb,Car,102,0
50,2023-01-03 01:00:00,City Center,Bus,33,2
51,2023-01-03 02:00:00,City Center,Bike,22,4
52,2023-01-03 03:00:00,City Center,Car,98,1
53,2023-01-03 04:00:00,City Center,Bus,115,2
54,2023-01-03 05:00:00,Suburb,Bike,23,0
55,2023-01-03 06:00:00,Highway,Truck,41,0
56,2023-01-03 07:00:00,Suburb,Car,103,1
57,2023-01-03 08:00:00,Suburb,Car,53,4
58,2023-01-03 09:00:00,Highway,Truck,111,2
59,2023-01-03 10:00:00,Highway,Truck,78,4
60,2023-01-03 11:00:00,Suburb,Truck,69,3
61,2023-01-03 12:00:00,Suburb,Bus,106,0
62,2023-01-03 13:00:00,Highway,Truck,46,0
63,2023-01-03 14:00:00,Highway,Car,73,2
64,2023-01-03 15:00:00,Suburb,Bike,63,4
65,2023-01-03 16:00:00,Suburb,Truck,68,3
66,2023-01-03 17:00:00,Highway,Car,98,1
67,2023-01-03 18:00:00,Suburb,Truck,72,4
68,2023-01-03 19:00:00,Highway,Bike,21,4
69,2023-01-03 20:00:00,City Center,Car,118,3
70,2023-01-03 21:00:00,Suburb,Car,83,2
71,2023-01-03 22:00:00,City Center,Truck,66,2
72,2023-01-03 23:00:00,Suburb,Truck,86,3
73,2023-01-04 00:00:00,Suburb,Bike,35,3
74,2023-01-04 01:00:00,Suburb,Truck,64,2
75,2023-01-04 02:00:00,Highway,Truck,89,2
76,2023-01-04 03:00:00,Suburb,Car,43,1
77,2023-01-04 04:00:00,City Center,Truck,85,1
78,2023-01-04 05:00:00,Highway,Bike,100,3
79,2023-01-04 06:00:00,Highway,Truck,25,2
80,2023-01-04 07:00:00,City Center,Bus,114,0
81,2023-01-04 08:00:00,City Center,Car,21,3
82,2023-01-04 09:00:00,Suburb,Car,118,3
83,2023-01-04 10:00:00,City Center,Truck,52,3
84,2023-01-04 11:00:00,City Center,Bus,55,3
85,2023-01-04 12:00:00,City Center,Bus,52,3
86,2023-01-04 13:00:00,City Center,Car,25,2
87,2023-01-04 14:00:00,Suburb,Bike,83,4
88,2023-01-04 15:00:00,Highway,Bus,97,2
89,2023-01-04 16:00:00,Suburb,Truck,110,1
90,2023-01-04 17:00:00,Suburb,Car,26,3
91,2023-01-04 18:00:00,Highway,Bike,96,1
92,2023-01-04 19:00:00,City Center,Truck,111,4
93,2023-01-04 20:00:00,Suburb,Car,95,2
94,2023-01-04 21:00:00,Highway,Car,21,0
95,2023-01-04 22:00:00,Suburb,Car,49,2
96,2023-01-04 23:00:00,Highway,Truck,32,1
97,2023-01-05 00:00:00,Highway,Bus,86,3
98,2023-01-05 01:00:00,City Center,Truck,100,4
99,2023-01-05 02:00:00,City Center,Bus,115,4
100,2023-01-05 03:00:00,City Center,Car,97,3
101,2023-01-05 04:00:00,Highway,Truck,74,4
102,2023-01-05 05:00:00,Highway,Car,63,2
103,2023-01-05 06:00:00,Suburb,Car,59,2
104,2023-01-05 07:00:00,Suburb,Bus,91,3
105,2023-01-05 08:00:00,City Center,Bike,95,0
106,2023-01-05 09:00:00,City Center,Bike,37,4
107,2023-01-05 10:00:00,Suburb,Bike,101,3
108,2023-01-05 11:00:00,City Center,Bus,94,4
109,2023-01-05 12:00:00,Suburb,Car,104,2
110,2023-01-05 13:00:00,Highway,Bike,67,2
111,2023-01-05 14:00:00,Suburb,Truck,33,3
112,2023-01-05 15:00:00,City Center,Bike,110,1
113,2023-01-05 16:00:00,Highway,Bike,99,0
114,2023-01-05 17:00:00,Suburb,Car,118,3
115,2023-01-05 18:00:00,Highway,Car,74,0
116,2023-01-05 19:00:00,Suburb,Bike,31,4
117,2023-01-05 20:00:00,Highway,Car,119,4
118,2023-01-05 21:00:00,Suburb,Car,48,0
119,2023-01-05 22:00:00,City Center,Bike,39,1
120,2023-01-05 23:00:00,Highway,Bus,84,4
121,2023-01-06 00:00:00,Highway,Car,33,1
122,2023-01-06 01:00:00,Suburb,Bus,111,2
123,2023-01-06 02:00:00,Suburb,Bike,39,2
124,2023-01-06 03:00:00,City Center,Car,90,2
125,2023-01-06 04:00:00,City Center,Car,28,4
126,2023-01-06 05:00:00,City Center,Truck,102,0
127,2023-01-06 06:00:00,Suburb,Bus,45,2
128,2023-01-06 07:00:00,City Center,Bus,45,1
129,2023-01-06 08:00:00,Suburb,Bike,106,2
130,2023-01-06 09:00:00,Highway,Car,95,3
131,2023-01-06 10:00:00,City Center,Car,68,2
132,2023-01-06 11:00:00,Highway,Bus,71,2
133,2023-01-06 12:00:00,Highway,Bike,48,1
134,2023-01-06 13:00:00,Suburb,Car,114,3
135,2023-01-06 14:00:00,City Center,Bus,44,2
136,2023-01-06 15:00:00,Suburb,Bike,20,0
137,2023-01-06 16:00:00,Suburb,Truck,76,1
138,2023-01-06 17:00:00,Suburb,Truck,80,1
139,2023-01-06 18:00:00,Highway,Truck,77,0
140,2023-01-06 19:00:00,Highway,Bike,71,0
141,2023-01-06 20:00:00,City Center,Bike,62,4
142,2023-01-06 21:00:00,Suburb,Truck,77,2
143,2023-01-06 22:00:00,Suburb,Truck,49,4
144,2023-01-06 23:00:00,City Center,Bike,69,2
145,2023-01-07 00:00:00,Suburb,Car,102,3
146,2023-01-07 01:00:00,City Center,Bus,97,0
147,2023-01-07 02:00:00,City Center,Bike,104,1
148,2023-01-07 03:00:00,Highway,Car,42,4
149,2023-01-07 04:00:00,City Center,Truck,43,2
150,2023-01-07 05:00:00,Highway,Bike,61,2
151,2023-01-07 06:00:00,Suburb,Bike,83,1
152,2023-01-07 07:00:00,Highway,Truck,24,1
153,2023-01-07 08:00:00,City Center,Truck,97,4
154,2023-01-07 09:00:00,City Center,Bus,55,0
155,2023-01-07 10:00:00,Highway,Car,104,0
156,2023-01-07 11:00:00,City Center,Car,36,0
157,2023-01-07 12:00:00,Highway,Truck,107,4
158,2023-01-07 13:00:00,Suburb,Bike,36,1
159,2023-01-07 14:00:00,City Center,Bus,113,0
160,2023-01-07 15:00:00,City Center,Truck,116,3
161,2023-01-07 16:00:00,City Center,Bus,109,3
162,2023-01-07 17:00:00,Suburb,Bus,72,2
163,2023-01-07 18:00:00,Highway,Bike,89,0
164,2023-01-07 19:00:00,Suburb,Bike,91,3
165,2023-01-07 20:00:00,Highway,Bike,56,3
166,2023-01-07 21:00:00,Highway,Car,92,4
167,2023-01-07 22:00:00,Suburb,Bus,40,4
168,2023-01-07 23:00:00,City Center,Truck,80,3
169,2023-01-08 00:00:00,City Center,Car,77,1
170,2023-01-08 01:00:00,Highway,Bike,58,4
171,2023-01-08 02:00:00,City Center,Car,70,0
172,2023-01-08 03:00:00,City Center,Bike,114,4
173,2023-01-08 04:00:00,City Center,Bus,49,4
174,2023-01-08 05:00:00,Highway,Truck,44,4
175,2023-01-08 06:00:00,Suburb,Car,93,2
176,2023-01-08 07:00:00,Highway,Truck,83,1
177,2023-01-08 08:00:00,Suburb,Car,79,1
178,2023-01-08 09:00:00,Highway,Bus,69,1
179,2023-01-08 10:00:00,Highway,Truck,55,3
180,2023-01-08 11:00:00,Suburb,Car,99,4
181,2023-01-08 12:00:00,Highway,Bus,88,2
182,2023-01-08 13:00:00,Highway,Truck,34,4
183,2023-01-08 14:00:00,Highway,Truck,43,3
184,2023-01-08 15:00:00,Suburb,Bike,77,0
185,2023-01-08 16:00:00,City Center,Truck,74,4
186,2023-01-08 17:00:00,City Center,Car,69,0
187,2023-01-08 18:00:00,Suburb,Bike,23,0
188,2023-01-08 19:00:00,Suburb,Bike,95,2
189,2023-01-08 20:00:00,City Center,Bike,71,2
190,2023-01-08 21:00:00,City Center,Bus,30,2
191,2023-01-08 22:00:00,Suburb,Bike,35,4
192,2023-01-08 23:00:00,City Center,Bike,116,2
193,2023-01-09 00:00:00,City Center,Bike,101,3
194,2023-01-09 01:00:00,Highway,Bike,108,0
195,2023-01-09 02:00:00,Highway,Bus,35,1
196,2023-01-09 03:00:00,Suburb,Bus,47,3
197,2023-01-09 04:00:00,City Center,Car,42,2
198,2023-01-09 05:00:00,Highway,Truck,40,0
199,2023-01-09 06:00:00,City Center,Bike,96,3
200,2023-01-09 07:00:00,Highway,Truck,81,4
201,2023-01-09 08:00:00,City Center,Car,108,2
202,2023-01-09 09:00:00,Highway,Bike,86,0
203,2023-01-09 10:00:00,Highway,Bus,77,1
204,2023-01-09 11:00:00,Suburb,Bus,76,2
205,2023-01-09 12:00:00,Suburb,Car,98,2
206,2023-01-09 13:00:00,City Center,Bike,108,0
207,2023-01-09 14:00:00,City Center,Car,70,4
208,2023-01-09 15:00:00,City Center,Bus,106,3
209,2023-01-09 16:00:00,Highway,Bus,95,3
210,2023-01-09 17:00:00,City Center,Car,36,4
211,2023-01-09 18:00:00,Suburb,Car,108,1
212,2023-01-09 19:00:00,Suburb,Bike,28,3
213,2023-01-09 20:00:00,City Center,Car,104,2
214,2023-01-09 21:00:00,Suburb,Truck,107,4
215,2023-01-09 22:00:00,Highway,Bus,47,0
216,2023-01-09 23:00:00,City Center,Truck,29,2
217,2023-01-10 00:00:00,City Center,Car,53,0
218,2023-01-10 01:00:00,Suburb,Bus,61,3
219,2023-01-10 02:00:00,Highway,Truck,42,2
220,2023-01-10 03:00:00,City Center,Truck,75,2
221,2023-01-10 04:00:00,Suburb,Car,50,4
222,2023-01-10 05:00:00,City Center,Truck,101,3
223,2023-01-10 06:00:00,City Center,Bus,26,2
224,2023-01-10 07:00:00,Highway,Bus,26,4
225,2023-01-10 08:00:00,Highway,Bike,93,4
226,2023-01-10 09:00:00,Suburb,Bus,48,0
227,2023-01-10 10:00:00,Highway,Bike,54,3
228,2023-01-10 11:00:00,Suburb,Bike,115,3
229,2023-01-10 12:00:00,Suburb,Car,110,1
230,2023-01-10 13:00:00,Highway,Bike,86,3
231,2023-01-10 14:00:00,City Center,Truck,24,2
232,2023-01-10 15:00:00,Suburb,Bus,100,2
233,2023-01-10 16:00:00,City Center,Bus,108,3
234,2023-01-10 17:00:00,City Center,Car,86,1
235,2023-01-10 18:00:00,City Center,Truck,51,0
236,2023-01-10 19:00:00,City Center,Bus,83,0
237,2023-01-10 20:00:00,City Center,Bus,115,3
238,2023-01-10 21:00:00,Highway,Car,56,4
239,2023-01-10 22:00:00,City Center,Bus,86,3
240,2023-01-10 23:00:00,Highway,Bus,22,0
241,2023-01-11 00:00:00,Highway,Bike,46,2
242,2023-01-11 01:00:00,Suburb,Bike,117,1
243,2023-01-11 02:00:00,Highway,Car,37,0
244,2023-01-11 03:00:00,Suburb,Bus,84,4
245,2023-01-11 04:00:00,Suburb,Bus,79,0
246,2023-01-11 05:00:00,Highway,Bike,92,2
247,2023-01-11 06:00:00,Highway,Bike,61,0
248,2023-01-11 07:00:00,Suburb,Truck,105,2
249,2023-01-11 08:00:00,City Center,Truck,92,2
250,2023-01-11 09:00:00,City Center,Bike,50,1
251,2023-01-11 10:00:00,City Center,Car,75,0
252,2023-01-11 11:00:00,Highway,Truck,103,1
253,2023-01-11 12:00:00,Highway,Bus,35,3
254,2023-01-11 13:00:00,City Center,Bus,44,4
255,2023-01-11 14:00:00,City Center,Bike,105,0
256,2023-01-11 15:00:00,Suburb,Truck,26,2
257,2023-01-11 16:00:00,Highway,Car,80,4
258,2023-01-11 17:00:00,Suburb,Truck,30,2
259,2023-01-11 18:00:00,Suburb,Car,88,1
260,2023-01-11 19:00:00,Suburb,Bus,74,0
261,2023-01-11 20:00:00,Suburb,Bus,75,3
262,2023-01-11 21:00:00,Suburb,Bus,39,0
263,2023-01-11 22:00:00,City Center,Truck,77,1
264,2023-01-11 23:00:00,City Center,Car,101,3
265,2023-01-12 00:00:00,Suburb,Car,65,2
266,2023-01-12 01:00:00,City Center,Bike,76,1
267,2023-01-12 02:00:00,Suburb,Truck,82,3
268,2023-01-12 03:00:00,Highway,Car,51,0
269,2023-01-12 04:00:00,City Center,Bike,87,1
270,2023-01-12 05:00:00,Highway,Bus,60,3
271,2023-01-12 06:00:00,Suburb,Bike,106,0
272,2023-01-12 07:00:00,City Center,Car,35,2
273,2023-01-12 08:00:00,Suburb,Bus,26,0
274,2023-01-12 09:00:00,Suburb,Bus,91,4
275,2023-01-12 10:00:00,Highway,Bus,79,3
276,2023-01-12 11:00:00,City Center,Truck,97,1
277,2023-01-12 12:00:00,Suburb,Truck,34,2
278,2023-01-12 13:00:00,Suburb,Car,108,0
279,2023-01-12 14:00:00,Highway,Truck,90,0
280,2023-01-12 15:00:00,Highway,Bus,89,4
281,2023-01-12 16:00:00,Highway,Bus,104,1
282,2023-01-12 17:00:00,Highway,Truck,101,1
283,2023-01-12 18:00:00,Suburb,Bike,72,0
284,2023-01-12 19:00:00,City Center,Bike,43,1
285,2023-01-12 20:00:00,Suburb,Bike,50,0
286,2023-01-12 21:00:00,Suburb,Bus,112,2
287,2023-01-12 22:00:00,City Center,Truck,25,1
288,2023-01-12 23:00:00,City Center,Bus,45,4
289,2023-01-13 00:00:00,City Center,Bike,74,3
290,2023-01-13 01:00:00,City Center,Bike,66,4
291,2023-01-13 02:00:00,City Center,Bike,97,0
292,2023-01-13 03:00:00,Highway,Bus,113,1
293,2023-01-13 04:00:00,Highway,Bike,62,4
294,2023-01-13 05:00:00,Highway,Bus,83,2
295,2023-01-13 06:00:00,Suburb,Bike,84,1
296,2023-01-13 07:00:00,Highway,Car,31,4
297,2023-01-13 08:00:00,City Center,Truck,89,0
298,2023-01-13 09:00:00,City Center,Car,20,1
299,2023-01-13 10:00:00,Highway,Truck,108,0
300,2023-01-13 11:00:00,Suburb,Car,116,4
301,2023-01-13 12:00:00,Suburb,Truck,59,2
302,2023-01-13 13:00:00,Suburb,Bus,79,2
303,2023-01-13 14:00:00,City Center,Bike,64,3
304,2023-01-13 15:00:00,Highway,Bus,96,2
305,2023-01-13 16:00:00,Suburb,Car,98,3
306,2023-01-13 17:00:00,City Center,Car,21,2
307,2023-01-13 18:00:00,Suburb,Bus,39,0
308,2023-01-13 19:00:00,City Center,Bus,33,4
309,2023-01-13 20:00:00,City Center,Bike,104,1
310,2023-01-13 21:00:00,Suburb,Car,64,0
311,2023-01-13 22:00:00,Suburb,Truck,37,3
312,2023-01-13 23:00:00,Suburb,Truck,20,3
313,2023-01-14 00:00:00,City Center,Car,33,3
314,2023-01-14 01:00:00,City Center,Truck,42,3
315,2023-01-14 02:00:00,Suburb,Bus,106,0
316,2023-01-14 03:00:00,Highway,Bus,89,1
317,2023-01-14 04:00:00,City Center,Bus,96,1
318,2023-01-14 05:00:00,Suburb,Bus,99,3
319,2023-01-14 06:00:00,Highway,Car,40,4
320,2023-01-14 07:00:00,Highway,Bike,68,3
321,2023-01-14 08:00:00,Suburb,Truck,110,4
322,2023-01-14 09:00:00,Suburb,Bike,72,0
323,2023-01-14 10:00:00,Highway,Bus,101,0
324,2023-01-14 11:00:00,Suburb,Truck,36,2
325,2023-01-14 12:00:00,Suburb,Truck,116,2
326,2023-01-14 13:00:00,Suburb,Car,88,1
327,2023-01-14 14:00:00,Suburb,Truck,66,1
328,2023-01-14 15:00:00,Suburb,Bike,103,4
329,2023-01-14 16:00:00,City Center,Car,104,4
330,2023-01-14 17:00:00,Highway,Car,27,2
331,2023-01-14 18:00:00,Highway,Car,42,3
332,2023-01-14 19:00:00,City Center,Bike,107,2
333,2023-01-14 20:00:00,Suburb,Bus,49,2
334,2023-01-14 21:00:00,Suburb,Bus,74,1
335,2023-01-14 22:00:00,Suburb,Bike,33,0
336,2023-01-14 23:00:00,City Center,Truck,116,4
337,2023-01-15 00:00:00,Suburb,Bus,118,2
338,2023-01-15 01:00:00,City Center,Car,106,3
339,2023-01-15 02:00:00,Suburb,Bus,59,3
340,2023-01-15 03:00:00,Suburb,Bike,21,0
341,2023-01-15 04:00:00,Suburb,Car,46,2
342,2023-01-15 05:00:00,Suburb,Bike,102,3
343,2023-01-15 06:00:00,City Center,Car,117,4
344,2023-01-15 07:00:00,Highway,Truck,106,0
345,2023-01-15 08:00:00,Suburb,Truck,55,4
346,2023-01-15 09:00:00,Suburb,Car,72,3
347,2023-01-15 10:00:00,City Center,Truck,116,2
348,2023-01-15 11:00:00,City Center,Bus,82,2
349,2023-01-15 12:00:00,Highway,Truck,62,3
350,2023-01-15 13:00:00,Suburb,Bike,60,3
351,2023-01-15 14:00:00,Highway,Bus,59,2
352,2023-01-15 15:00:00,Suburb,Bike,42,3
353,2023-01-15 16:00:00,City Center,Car,93,2
354,2023-01-15 17:00:00,City Center,Truck,63,4
355,2023-01-15 18:00:00,Highway,Truck,110,0
356,2023-01-15 19:00:00,City Center,Bus,27,1
357,2023-01-15 20:00:00,City Center,Bike,24,0
358,2023-01-15 21:00:00,Highway,Car,37,2
359,2023-01-15 22:00:00,Suburb,Bike,104,0
360,2023-01-15 23:00:00,City Center,Bike,102,4
361,2023-01-16 00:00:00,Highway,Car,82,2
362,2023-01-16 01:00:00,Suburb,Bike,46,3
363,2023-01-16 02:00:00,City Center,Bus,108,0
364,2023-01-16 03:00:00,Suburb,Car,103,0
365,2023-01-16 04:00:00,Suburb,Bike,45,0
366,2023-01-16 05:00:00,Suburb,Bus,31,0
367,2023-01-16 06:00:00,City Center,Truck,48,1
368,2023-01-16 07:00:00,Suburb,Bus,100,2
369,2023-01-16 08:00:00,Highway,Bike,34,0
370,2023-01-16 09:00:00,City Center,Car,48,2
371,2023-01-16 10:00:00,City Center,Bus,84,1
372,2023-01-16 11:00:00,Suburb,Truck,27,0
373,2023-01-16 12:00:00,City Center,Bus,32,3
374,2023-01-16 13:00:00,Suburb,Car,82,0
375,2023-01-16 14:00:00,City Center,Truck,78,2
376,2023-01-16 15:00:00,Highway,Bike,88,0
377,2023-01-16 16:00:00,Highway,Bike,112,1
378,2023-01-16 17:00:00,Suburb,Truck,39,4
379,2023-01-16 18:00:00,Suburb,Bus,110,1
380,2023-01-16 19:00:00,Highway,Truck,70,1
381,2023-01-16 20:00:00,Suburb,Truck,48,1
382,2023-01-16 21:00:00,Suburb,Bike,46,2
383,2023-01-16 22:00:00,Highway,Truck,69,1
384,2023-01-16 23:00:00,Highway,Truck,76,3
385,2023-01-17 00:00:00,Highway,Bike,75,0
386,2023-01-17 01:00:00,Highway,Bike,90,1
387,2023-01-17 02:00:00,City Center,Bus,88,3
388,2023-01-17 03:00:00,Suburb,Car,25,0
389,2023-01-17 04:00:00,Suburb,Bus,88,1
390,2023-01-17 05:00:00,Suburb,Bike,104,1
391,2023-01-17 06:00:00,Suburb,Truck,76,1
392,2023-01-17 07:00:00,Suburb,Bike,99,4
393,2023-01-17 08:00:00,City Center,Bus,104,1
394,2023-01-17 09:00:00,Suburb,Truck,107,1
395,2023-01-17 10:00:00,Highway,Truck,104,2
396,2023-01-17 11:00:00,Suburb,Truck,64,4
397,2023-01-17 12:00:00,Highway,Bus,80,4
398,2023-01-17 13:00:00,Highway,Car,64,2
399,2023-01-17 14:00:00,Highway,Truck,37,2
400,2023-01-17 15:00:00,Highway,Car,103,2
401,2023-01-17 16:00:00,Highway,Bike,61,4
402,2023-01-17 17:00:00,Highway,Bike,37,4
403,2023-01-17 18:00:00,City Center,Car,47,0
404,2023-01-17 19:00:00,City Center,Car,47,2
405,2023-01-17 20:00:00,Highway,Bike,78,3
406,2023-01-17 21:00:00,City Center,Car,95,4
407,2023-01-17 22:00:00,Highway,Car,40,2
408,2023-01-17 23:00:00,Suburb,Bus,101,4
409,2023-01-18 00:00:00,Suburb,Bus,85,3
410,2023-01-18 01:00:00,Highway,Bus,32,4
411,2023-01-18 02:00:00,Highway,Bus,113,4
412,2023-01-18 03:00:00,City Center,Bike,69,3
413,2023-01-18 04:00:00,Suburb,Car,91,4
414,2023-01-18 05:00:00,Suburb,Bike,66,3
415,2023-01-18 06:00:00,City Center,Bus,118,1
416,2023-01-18 07:00:00,City Center,Truck,54,1
417,2023-01-18 08:00:00,Suburb,Car,114,1
418,2023-01-18 09:00:00,Suburb,Bus,117,3
419,2023-01-18 10:00:00,Highway,Bike,59,0
420,2023-01-18 11:00:00,Highway,Bus,66,3
421,2023-01-18 12:00:00,Highway,Car,86,2
422,2023-01-18 13:00:00,Suburb,Truck,96,1
423,2023-01-18 14:00:00,Suburb,Bike,79,2
424,2023-01-18 15:00:00,Suburb,Bike,29,4
425,2023-01-18 16:00:00,Suburb,Bus,65,4
426,2023-01-18 17:00:00,City Center,Bike,67,3
427,2023-01-18 18:00:00,Highway,Bus,37,3
428,2023-01-18 19:00:00,Suburb,Truck,83,1
429,2023-01-18 20:00:00,City Center,Truck,23,1
430,2023-01-18 21:00:00,City Center,Car,105,4
431,2023-01-18 22:00:00,Highway,Truck,43,4
432,2023-01-18 23:00:00,Suburb,Truck,89,4
433,2023-01-19 00:00:00,City Center,Truck,118,0
434,2023-01-19 01:00:00,Highway,Car,81,4
435,2023-01-19 02:00:00,City Center,Car,63,1
436,2023-01-19 03:00:00,Highway,Car,58,1
437,2023-01-19 04:00:00,Suburb,Bike,20,3
438,2023-01-19 05:00:00,Suburb,Car,22,2
439,2023-01-19 06:00:00,Suburb,Truck,78,2
440,2023-01-19 07:00:00,Highway,Truck,79,1
441,2023-01-19 08:00:00,City Center,Bus,81,2
442,2023-01-19 09:00:00,City Center,Bike,37,3
443,2023-01-19 10:00:00,City Center,Truck,94,2
444,2023-01-19 11:00:00,Highway,Bike,109,3
445,2023-01-19 12:00:00,Suburb,Car,89,4
446,2023-01-19 13:00:00,Highway,Bus,35,0
447,2023-01-19 14:00:00,Highway,Bike,40,3
448,2023-01-19 15:00:00,City Center,Bus,60,2
449,2023-01-19 16:00:00,City Center,Car,30,3
450,2023-01-19 17:00:00,Suburb,Truck,34,2
451,2023-01-19 18:00:00,Suburb,Bike,101,2
452,2023-01-19 19:00:00,Suburb,Car,25,3
453,2023-01-19 20:00:00,Suburb,Bus,64,1
454,2023-01-19 21:00:00,Highway,Car,82,1
455,2023-01-19 22:00:00,Suburb,Bike,60,2
456,2023-01-19 23:00:00,Suburb,Bus,55,3
457,2023-01-20 00:00:00,City Center,Truck,69,0
458,2023-01-20 01:00:00,Highway,Truck,37,0
459,2023-01-20 02:00:00,City Center,Car,35,1
460,2023-01-20 03:00:00,Highway,Truck,96,0
461,2023-01-20 04:00:00,City Center,Truck,97,1
462,2023-01-20 05:00:00,Highway,Truck,94,1
463,2023-01-20 06:00:00,Highway,Truck,42,1
464,2023-01-20 07:00:00,Highway,Car,93,1
465,2023-01-20 08:00:00,Highway,Bike,36,4
466,2023-01-20 09:00:00,Highway,Car,57,4
467,2023-01-20 10:00:00,Highway,Bike,49,4
468,2023-01-20 11:00:00,City Center,Car,82,2
469,2023-01-20 12:00:00,City Center,Bike,109,3
470,2023-01-20 13:00:00,City Center,Truck,41,4
471,2023-01-20 14:00:00,Suburb,Bike,93,1
472,2023-01-20 15:00:00,Suburb,Car,74,0
473,2023-01-20 16:00:00,Suburb,Car,28,3
474,2023-01-20 17:00:00,City Center,Bike,66,1
475,2023-01-20 18:00:00,Suburb,Car,101,2
476,2023-01-20 19:00:00,Highway,Bike,48,1
477,2023-01-20 20:00:00,Suburb,Truck,93,1
478,2023-01-20 21:00:00,Highway,Car,32,0
479,2023-01-20 22:00:00,Suburb,Bus,102,1
480,2023-01-20 23:00:00,Highway,Truck,118,1
481,2023-01-21 00:00:00,Suburb,Bike,28,2
482,2023-01-21 01:00:00,Highway,Truck,36,4
483,2023-01-21 02:00:00,City Center,Car,99,3
484,2023-01-21 03:00:00,Highway,Bike,82,3
485,2023-01-21 04:00:00,City Center,Car,103,0
486,2023-01-21 05:00:00,City Center,Truck,77,1
487,2023-01-21 06:00:00,City Center,Bike,27,4
488,2023-01-21 07:00:00,Suburb,Bike,119,2
489,2023-01-21 08:00:00,City Center,Bus,101,1
490,2023-01-21 09:00:00,Highway,Bus,58,3
491,2023-01-21 10:00:00,Highway,Car,65,0
492,2023-01-21 11:00:00,City Center,Bus,111,4
493,2023-01-21 12:00:00,Highway,Bike,67,3
494,2023-01-21 13:00:00,Suburb,Truck,87,0
495,2023-01-21 14:00:00,Highway,Bus,31,1
496,2023-01-21 15:00:00,Suburb,Truck,67,4
497,2023-01-21 16:00:00,Highway,Bike,39,3
498,2023-01-21 17:00:00,Suburb,Bus,29,1
499,2023-01-21 18:00:00,City Center,Car,44,4
500,2023-01-21 19:00:00,Highway,Bus,60,3
501,2023-01-21 20:00:00,Highway,Truck,39,3
502,2023-01-21 21:00:00,Suburb,Truck,28,2
503,2023-01-21 22:00:00,City Center,Car,64,3
504,2023-01-21 23:00:00,City Center,Bike,86,0
505,2023-01-22 00:00:00,City Center,Bike,26,3
506,2023-01-22 01:00:00,Highway,Bus,55,4
507,2023-01-22 02:00:00,City Center,Bike,90,3
508,2023-01-22 03:00:00,City Center,Car,73,4
509,2023-01-22 04:00:00,Suburb,Bus,60,1
510,2023-01-22 05:00:00,Suburb,Bike,89,2
511,2023-01-22 06:00:00,Suburb,Bike,112,3
512,2023-01-22 07:00:00,Suburb,Truck,110,3
513,2023-01-22 08:00:00,Suburb,Truck,38,2
514,2023-01-22 09:00:00,City Center,Truck,77,2
515,2023-01-22 10:00:00,Highway,Bus,87,1
516,2023-01-22 11:00:00,Highway,Bus,95,4
517,2023-01-22 12:00:00,City Center,Truck,78,0
518,2023-01-22 13:00:00,Highway,Bike,74,0
519,2023-01-22 14:00:00,Suburb,Car,64,0
520,2023-01-22 15:00:00,City Center,Car,66,0
521,2023-01-22 16:00:00,Suburb,Bike,82,4
522,2023-01-22 17:00:00,Suburb,Bus,117,1
523,2023-01-22 18:00:00,City Center,Bike,113,2
524,2023-01-22 19:00:00,City Center,Bus,81,4
525,2023-01-22 20:00:00,City Center,Bus,76,3
526,2023-01-22 21:00:00,Suburb,Car,65,3
527,2023-01-22 22:00:00,Suburb,Car,81,3
528,2023-01-22 23:00:00,Suburb,Bike,81,0
529,2023-01-23 00:00:00,Highway,Car,76,3
530,2023-01-23 01:00:00,Suburb,Bus,27,0
531,2023-01-23 02:00:00,City Center,Bike,34,2
532,2023-01-23 03:00:00,Suburb,Bus,82,4
533,2023-01-23 04:00:00,Suburb,Bus,114,2
534,2023-01-23 05:00:00,City Center,Car,92,3
535,2023-01-23 06:00:00,Suburb,Bike,96,1
536,2023-01-23 07:00:00,Suburb,Truck,41,1
537,2023-01-23 08:00:00,City Center,Bus,57,2
538,2023-01-23 09:00:00,Highway,Bike,117,4
539,2023-01-23 10:00:00,City Center,Bus,91,2
540,2023-01-23 11:00:00,Suburb,Car,48,1
541,2023-01-23 12:00:00,Suburb,Car,98,0
542,2023-01-23 13:00:00,Suburb,Truck,94,4
543,2023-01-23 14:00:00,City Center,Truck,101,3
544,2023-01-23 15:00:00,Highway,Truck,22,4
545,2023-01-23 16:00:00,Suburb,Bus,64,4
546,2023-01-23 17:00:00,Highway,Car,79,4
547,2023-01-23 18:00:00,Suburb,Truck,111,3
548,2023-01-23 19:00:00,City Center,Car,37,2
549,2023-01-23 20:00:00,Highway,Bike,20,2
550,2023-01-23 21:00:00,Highway,Bus,37,2
551,2023-01-23 22:00:00,City Center,Truck,96,2
552,2023-01-23 23:00:00,City Center,Car,21,1
553,2023-01-24 00:00:00,City Center,Bus,110,2
554,2023-01-24 01:00:00,Suburb,Bus,110,3
555,2023-01-24 02:00:00,Highway,Car,38,4
556,2023-01-24 03:00:00,Suburb,Car,96,3
557,2023-01-24 04:00:00,City Center,Bus,95,0
558,2023-01-24 05:00:00,Suburb,Bus,82,1
559,2023-01-24 06:00:00,City Center,Bus,56,1
560,2023-01-24 07:00:00,Highway,Car,87,4
561,2023-01-24 08:00:00,City Center,Car,64,4
562,2023-01-24 09:00:00,Suburb,Bus,110,4
563,2023-01-24 10:00:00,City Center,Car,57,2
564,2023-01-24 11:00:00,Highway,Truck,41,1
565,2023-01-24 12:00:00,City Center,Car,91,1
566,2023-01-24 13:00:00,Suburb,Bus,44,3
567,2023-01-24 14:00:00,City Center,Bus,76,3
568,2023-01-24 15:00:00,City Center,Car,76,0
569,2023-01-24 16:00:00,Highway,Bus,23,3
570,2023-01-24 17:00:00,City Center,Car,22,2
571,2023-01-24 18:00:00,City Center,Car,87,0
572,2023-01-24 19:00:00,City Center,Truck,36,3
573,2023-01-24 20:00:00,Suburb,Bike,57,0
574,2023-01-24 21:00:00,Suburb,Bus,103,2
575,2023-01-24 22:00:00,City Center,Bike,95,3
576,2023-01-24 23:00:00,City Center,Bus,75,4
577,2023-01-25 00:00:00,City Center,Truck,38,3
578,2023-01-25 01:00:00,Highway,Bike,75,3
579,2023-01-25 02:00:00,Highway,Car,47,3
580,2023-01-25 03:00:00,City Center,Bike,63,4
581,2023-01-25 04:00:00,Highway,Truck,58,3
582,2023-01-25 05:00:00,City Center,Truck,85,0
583,2023-01-25 06:00:00,City Center,Bus,29,0
584,2023-01-25 07:00:00,Highway,Bike,75,1
585,2023-01-25 08:00:00,Suburb,Bike,33,0
586,2023-01-25 09:00:00,City Center,Bus,101,0
587,2023-01-25 10:00:00,Suburb,Car,31,1
588,2023-01-25 11:00:00,Highway,Bus,78,2
589,2023-01-25 12:00:00,City Center,Truck,96,0
590,2023-01-25 13:00:00,City Center,Car,79,0
591,2023-01-25 14:00:00,City Center,Bus,30,4
592,2023-01-25 15:00:00,Suburb,Truck,57,4
593,2023-01-25 16:00:00,City Center,Truck,72,0
594,2023-01-25 17:00:00,Highway,Bus,56,0
595,2023-01-25 18:00:00,City Center,Car,89,3
596,2023-01-25 19:00:00,Highway,Bike,52,1
597,2023-01-25 20:00:00,City Center,Truck,91,4
598,2023-01-25 21:00:00,City Center,Bus,67,0
599,2023-01-25 22:00:00,Highway,Car,42,3
600,2023-01-25 23:00:00,Suburb,Bus,20,2
601,2023-01-26 00:00:00,Highway,Truck,93,3
602,2023-01-26 01:00:00,Suburb,Truck,25,4
603,2023-01-26 02:00:00,City Center,Truck,24,1
604,2023-01-26 03:00:00,City Center,Car,112,4
605,2023-01-26 04:00:00,Highway,Car,94,2
606,2023-01-26 05:00:00,Suburb,Bus,113,1
607,2023-01-26 06:00:00,City Center,Truck,119,1
608,2023-01-26 07:00:00,Suburb,Truck,97,3
609,2023-01-26 08:00:00,Highway,Car,20,2
610,2023-01-26 09:00:00,City Center,Bike,53,4
611,2023-01-26 10:00:00,City Center,Car,101,3
612,2023-01-26 11:00:00,Suburb,Car,70,0
613,2023-01-26 12:00:00,Suburb,Car,105,3
614,2023-01-26 13:00:00,Suburb,Car,61,4
615,2023-01-26 14:00:00,Suburb,Truck,46,1
616,2023-01-26 15:00:00,Suburb,Car,115,0
617,2023-01-26 16:00:00,Highway,Bike,108,4
618,2023-01-26 17:00:00,Highway,Truck,82,1
619,2023-01-26 18:00:00,Suburb,Truck,27,0
620,2023-01-26 19:00:00,Suburb,Car,78,4
621,2023-01-26 20:00:00,Suburb,Bike,115,2
622,2023-01-26 21:00:00,Suburb,Bike,73,0
623,2023-01-26 22:00:00,Highway,Bus,36,2
624,2023-01-26 23:00:00,City Center,Truck,92,0
625,2023-01-27 00:00:00,City Center,Bus,47,1
626,2023-01-27 01:00:00,City Center,Truck,63,2
627,2023-01-27 02:00:00,Suburb,Truck,55,2
628,2023-01-27 03:00:00,Suburb,Car,51,1
629,2023-01-27 04:00:00,Highway,Truck,87,4
630,2023-01-27 05:00:00,Highway,Bike,96,0
631,2023-01-27 06:00:00,City Center,Truck,70,0
632,2023-01-27 07:00:00,City Center,Bus,78,1
633,2023-01-27 08:00:00,City Center,Bus,119,4
634,2023-01-27 09:00:00,Highway,Truck,21,2
635,2023-01-27 10:00:00,Suburb,Car,40,2
636,2023-01-27 11:00:00,Highway,Truck,20,3
637,2023-01-27 12:00:00,City Center,Truck,33,4
638,2023-01-27 13:00:00,Highway,Truck,102,0
639,2023-01-27 14:00:00,City Center,Bus,38,0
640,2023-01-27 15:00:00,City Center,Car,101,2
641,2023-01-27 16:00:00,Suburb,Truck,89,0
642,2023-01-27 17:00:00,Highway,Truck,63,4
643,2023-01-27 18:00:00,City Center,Bus,55,0
644,2023-01-27 19:00:00,Suburb,Car,75,0
645,2023-01-27 20:00:00,Highway,Bus,59,3
646,2023-01-27 21:00:00,Suburb,Truck,96,3
647,2023-01-27 22:00:00,City Center,Truck,110,3
648,2023-01-27 23:00:00,Suburb,Bike,67,1
649,2023-01-28 00:00:00,Suburb,Car,65,3
650,2023-01-28 01:00:00,City Center,Truck,39,4
651,2023-01-28 02:00:00,City Center,Bike,25,2
652,2023-01-28 03:00:00,Highway,Truck,46,4
653,2023-01-28 04:00:00,Highway,Bus,67,2
654,2023-01-28 05:00:00,Highway,Truck,67,0
655,2023-01-28 06:00:00,Highway,Bus,86,4
656,2023-01-28 07:00:00,Suburb,Truck,28,3
657,2023-01-28 08:00:00,Highway,Bus,27,4
658,2023-01-28 09:00:00,Highway,Truck,48,2
659,2023-01-28 10:00:00,Suburb,Truck,99,1
660,2023-01-28 11:00:00,Highway,Truck,110,4
661,2023-01-28 12:00:00,City Center,Bike,81,2
662,2023-01-28 13:00:00,City Center,Bike,100,2
663,2023-01-28 14:00:00,City Center,Bike,37,4
664,2023-01-28 15:00:00,City Center,Car,69,1
665,2023-01-28 16:00:00,Suburb,Bus,20,1
666,2023-01-28 17:00:00,Highway,Truck,60,1
667,2023-01-28 18:00:00,Highway,Bus,42,4
668,2023-01-28 19:00:00,Highway,Truck,33,0
669,2023-01-28 20:00:00,Highway,Truck,38,4
670,2023-01-28 21:00:00,Highway,Bike,59,2
671,2023-01-28 22:00:00,Suburb,Truck,82,4
672,2023-01-28 23:00:00,City Center,Bike,114,0
673,2023-01-29 00:00:00,Highway,Bike,41,0
674,2023-01-29 01:00:00,Highway,Truck,36,0
675,2023-01-29 02:00:00,City Center,Bus,29,1
676,2023-01-29 03:00:00,City Center,Bus,49,3
677,2023-01-29 04:00:00,Highway,Car,87,0
678,2023-01-29 05:00:00,Suburb,Truck,117,2
679,2023-01-29 06:00:00,Suburb,Bus,25,1
680,2023-01-29 07:00:00,City Center,Car,75,0
681,2023-01-29 08:00:00,Suburb,Bus,37,3
682,2023-01-29 09:00:00,Highway,Truck,23,3
683,2023-01-29 10:00:00,Suburb,Car,26,2
684,2023-01-29 11:00:00,City Center,Bus,47,1
685,2023-01-29 12:00:00,Suburb,Bus,34,2
686,2023-01-29 13:00:00,City Center,Bike,86,4
687,2023-01-29 14:00:00,City Center,Bike,56,2
688,2023-01-29 15:00:00,Suburb,Car,66,0
689,2023-01-29 16:00:00,Suburb,Bike,77,2
690,2023-01-29 17:00:00,Highway,Car,28,4
691,2023-01-29 18:00:00,Suburb,Car,89,0
692,2023-01-29 19:00:00,Highway,Bike,107,4
693,2023-01-29 20:00:00,Highway,Car,59,4
694,2023-01-29 21:00:00,City Center,Bus,109,1
695,2023-01-29 22:00:00,Highway,Truck,39,1
696,2023-01-29 23:00:00,Suburb,Truck,79,3
697,2023-01-30 00:00:00,Highway,Car,116,3
698,2023-01-30 01:00:00,Suburb,Truck,72,2
699,2023-01-30 02:00:00,Highway,Bike,101,0
700,2023-01-30 03:00:00,Highway,Truck,24,0
701,2023-01-30 04:00:00,Suburb,Bike,109,4
702,2023-01-30 05:00:00,Suburb,Bus,101,0
703,2023-01-30 06:00:00,City Center,Bike,88,2
704,2023-01-30 07:00:00,City Center,Bike,107,1
705,2023-01-30 08:00:00,City Center,Bike,75,3
706,2023-01-30 09:00:00,Suburb,Bus,62,4
707,2023-01-30 10:00:00,City Center,Bus,87,2
708,2023-01-30 11:00:00,Highway,Truck,52,2
709,2023-01-30 12:00:00,Highway,Bike,57,3
710,2023-01-30 13:00:00,Highway,Car,26,1
711,2023-01-30 14:00:00,Highway,Bike,92,4
712,2023-01-30 15:00:00,City Center,Bike,50,4
713,2023-01-30 16:00:00,City Center,Car,51,3
714,2023-01-30 17:00:00,Highway,Bike,119,4
715,2023-01-30 18:00:00,Suburb,Bus,94,4
716,2023-01-30 19:00:00,Suburb,Bike,95,2
717,2023-01-30 20:00:00,Highway,Bus,92,4
718,2023-01-30 21:00:00,Suburb,Bus,23,0
719,2023-01-30 22:00:00,Highway,Bike,111,2
720,2023-01-30 23:00:00,City Center,Bus,96,2
721,2023-01-31 00:00:00,Highway,Bus,35,4
722,2023-01-31 01:00:00,City Center,Car,113,2
723,2023-01-31 02:00:00,Suburb,Car,97,4
724,2023-01-31 03:00:00,City Center,Truck,24,2
725,2023-01-31 04:00:00,Highway,Bike,85,0
726,2023-01-31 05:00:00,Suburb,Truck,56,0
727,2023-01-31 06:00:00,Highway,Car,103,2
728,2023-01-31 07:00:00,Suburb,Car,30,4
729,2023-01-31 08:00:00,Suburb,Car,27,4
730,2023-01-31 09:00:00,City Center,Car,66,2
731,2023-01-31 10:00:00,Highway,Bike,113,4
732,2023-01-31 11:00:00,Highway,Car,99,2
733,2023-01-31 12:00:00,Suburb,Bike,43,3
734,2023-01-31 13:00:00,Suburb,Bike,65,1
735,2023-01-31 14:00:00,City Center,Bus,42,1
736,2023-01-31 15:00:00,Suburb,Bike,55,3
737,2023-01-31 16:00:00,Suburb,Truck,32,3
738,2023-01-31 17:00:00,Highway,Bus,112,2
739,2023-01-31 18:00:00,City Center,Truck,82,4
740,2023-01-31 19:00:00,Suburb,Bike,72,4
741,2023-01-31 20:00:00,Highway,Truck,54,2
742,2023-01-31 21:00:00,Suburb,Bike,42,0
743,2023-01-31 22:00:00,Highway,Truck,54,1
744,2023-01-31 23:00:00,Suburb,Bike,97,3
745,2023-02-01 00:00:00,Highway,Truck,37,4
746,2023-02-01 01:00:00,City Center,Truck,101,2
747,2023-02-01 02:00:00,Highway,Car,82,4
748,2023-02-01 03:00:00,Suburb,Bus,105,4
749,2023-02-01 04:00:00,City Center,Car,102,3
750,2023-02-01 05:00:00,Suburb,Bike,114,0
751,2023-02-01 06:00:00,City Center,Truck,116,2
752,2023-02-01 07:00:00,Highway,Car,71,3
753,2023-02-01 08:00:00,Suburb,Bus,77,0
754,2023-02-01 09:00:00,Suburb,Bike,82,4
755,2023-02-01 10:00:00,Highway,Bike,31,1
756,2023-02-01 11:00:00,City Center,Car,71,2
757,2023-02-01 12:00:00,Highway,Truck,103,0
758,2023-02-01 13:00:00,Suburb,Bike,81,0
759,2023-02-01 14:00:00,Highway,Bike,68,0
760,2023-02-01 15:00:00,Highway,Car,105,1
761,2023-02-01 16:00:00,City Center,Bike,33,4
762,2023-02-01 17:00:00,Suburb,Truck,41,0
763,2023-02-01 18:00:00,City Center,Car,79,1
764,2023-02-01 19:00:00,City Center,Truck,65,2
765,2023-02-01 20:00:00,City Center,Bus,79,3
766,2023-02-01 21:00:00,City Center,Car,88,2
767,2023-02-01 22:00:00,Highway,Bus,97,2
768,2023-02-01 23:00:00,Suburb,Bike,73,2
769,2023-02-02 00:00:00,City Center,Truck,118,0
770,2023-02-02 01:00:00,Highway,Car,31,3
771,2023-02-02 02:00:00,Suburb,Bike,64,1
772,2023-02-02 03:00:00,Highway,Car,32,3
773,2023-02-02 04:00:00,Suburb,Car,106,4
774,2023-02-02 05:00:00,Suburb,Truck,54,3
775,2023-02-02 06:00:00,Suburb,Bike,32,4
776,2023-02-02 07:00:00,Highway,Bike,103,4
777,2023-02-02 08:00:00,Suburb,Truck,106,3
778,2023-02-02 09:00:00,Suburb,Truck,49,4
779,2023-02-02 10:00:00,Highway,Truck,28,1
780,2023-02-02 11:00:00,Highway,Bus,90,4
781,2023-02-02 12:00:00,Suburb,Bus,95,2
782,2023-02-02 13:00:00,Highway,Truck,63,2
783,2023-02-02 14:00:00,City Center,Bus,52,4
784,2023-02-02 15:00:00,City Center,Bus,35,4
785,2023-02-02 16:00:00,Highway,Truck,68,0
786,2023-02-02 17:00:00,City Center,Car,88,3
787,2023-02-02 18:00:00,City Center,Bike,76,0
788,2023-02-02 19:00:00,Highway,Car,91,4
789,2023-02-02 20:00:00,Highway,Bus,25,1
790,2023-02-02 21:00:00,Highway,Bike,109,1
791,2023-02-02 22:00:00,City Center,Bus,56,4
792,2023-02-02 23:00:00,Suburb,Bike,33,3
793,2023-02-03 00:00:00,City Center,Bike,38,0
794,2023-02-03 01:00:00,Suburb,Car,48,4
795,2023-02-03 02:00:00,Suburb,Car,54,1
796,2023-02-03 03:00:00,City Center,Bus,110,2
797,2023-02-03 04:00:00,Highway,Car,87,2
798,2023-02-03 05:00:00,Highway,Truck,59,4
799,2023-02-03 06:00:00,Suburb,Bike,73,3
800,2023-02-03 07:00:00,Suburb,Bike,36,3
801,2023-02-03 08:00:00,Suburb,Car,34,2
802,2023-02-03 09:00:00,City Center,Car,92,4
803,2023-02-03 10:00:00,Suburb,Bike,118,4
804,2023-02-03 11:00:00,Suburb,Bus,69,4
805,2023-02-03 12:00:00,Highway,Car,39,2
806,2023-02-03 13:00:00,City Center,Bus,118,2
807,2023-02-03 14:00:00,Highway,Bike,25,2
808,2023-02-03 15:00:00,Suburb,Bike,119,3
809,2023-02-03 16:00:00,Suburb,Bus,37,1
810,2023-02-03 17:00:00,Suburb,Truck,63,2
811,2023-02-03 18:00:00,Highway,Bus,44,1
812,2023-02-03 19:00:00,Highway,Truck,54,0
813,2023-02-03 20:00:00,Highway,Truck,61,2
814,2023-02-03 21:00:00,Highway,Truck,28,3
815,2023-02-03 22:00:00,Highway,Bike,117,4
816,2023-02-03 23:00:00,Suburb,Bike,86,2
817,2023-02-04 00:00:00,Highway,Car,68,4
818,2023-02-04 01:00:00,Suburb,Car,59,1
819,2023-02-04 02:00:00,Highway,Bike,71,3
820,2023-02-04 03:00:00,Suburb,Bus,112,2
821,2023-02-04 04:00:00,City Center,Bus,63,4
822,2023-02-04 05:00:00,City Center,Bus,47,3
823,2023-02-04 06:00:00,City Center,Truck,89,0
824,2023-02-04 07:00:00,Suburb,Bike,57,3
825,2023-02-04 08:00:00,Highway,Truck,68,0
826,2023-02-04 09:00:00,Suburb,Car,35,1
827,2023-02-04 10:00:00,Highway,Truck,26,3
828,2023-02-04 11:00:00,Highway,Bike,93,4
829,2023-02-04 12:00:00,City Center,Truck,110,1
830,2023-02-04 13:00:00,Suburb,Truck,89,3
831,2023-02-04 14:00:00,City Center,Car,102,1
832,2023-02-04 15:00:00,City Center,Bus,69,0
833,2023-02-04 16:00:00,City Center,Truck,108,2
834,2023-02-04 17:00:00,City Center,Bike,108,4
835,2023-02-04 18:00:00,City Center,Truck,86,4
836,2023-02-04 19:00:00,Highway,Truck,34,1
837,2023-02-04 20:00:00,Suburb,Car,60,3
838,2023-02-04 21:00:00,Highway,Bike,97,1
839,2023-02-04 22:00:00,Highway,Bus,37,0
840,2023-02-04 23:00:00,City Center,Bus,84,3
841,2023-02-05 00:00:00,City Center,Car,57,2
842,2023-02-05 01:00:00,Suburb,Truck,113,4
843,2023-02-05 02:00:00,Suburb,Bike,25,0
844,2023-02-05 03:00:00,City Center,Bus,35,2
845,2023-02-05 04:00:00,Suburb,Truck,70,1
846,2023-02-05 05:00:00,City Center,Truck,87,4
847,2023-02-05 06:00:00,City Center,Truck,50,3
848,2023-02-05 07:00:00,Highway,Bus,35,3
849,2023-02-05 08:00:00,Highway,Bus,62,4
850,2023-02-05 09:00:00,Highway,Car,26,1
851,2023-02-05 10:00:00,Highway,Bus,72,2
852,2023-02-05 11:00:00,Highway,Car,81,2
853,2023-02-05 12:00:00,Suburb,Car,91,4
854,2023-02-05 13:00:00,City Center,Bus,102,3
855,2023-02-05 14:00:00,Highway,Bus,46,2
856,2023-02-05 15:00:00,Highway,Truck,48,2
857,2023-02-05 16:00:00,Highway,Car,103,4
858,2023-02-05 17:00:00,Highway,Bus,39,3
859,2023-02-05 18:00:00,City Center,Car,92,2
860,2023-02-05 19:00:00,Highway,Bike,95,4
861,2023-02-05 20:00:00,Highway,Car,75,0
862,2023-02-05 21:00:00,City Center,Truck,98,0
863,2023-02-05 22:00:00,Suburb,Bus,99,0
864,2023-02-05 23:00:00,City Center,Bike,56,1
865,2023-02-06 00:00:00,City Center,Truck,31,0
866,2023-02-06 01:00:00,Suburb,Bus,58,2
867,2023-02-06 02:00:00,City Center,Truck,43,4
868,2023-02-06 03:00:00,City Center,Car,90,2
869,2023-02-06 04:00:00,Highway,Bus,88,4
870,2023-02-06 05:00:00,Suburb,Bus,94,0
871,2023-02-06 06:00:00,City Center,Bus,87,0
872,2023-02-06 07:00:00,Highway,Bus,114,3
873,2023-02-06 08:00:00,Suburb,Car,25,1
874,2023-02-06 09:00:00,City Center,Truck,20,3
875,2023-02-06 10:00:00,Highway,Car,111,1
876,2023-02-06 11:00:00,City Center,Truck,23,3
877,2023-02-06 12:00:00,City Center,Car,115,2
878,2023-02-06 13:00:00,City Center,Car,93,2
879,2023-02-06 14:00:00,Highway,Bike,92,2
880,2023-02-06 15:00:00,Suburb,Bus,93,3
881,2023-02-06 16:00:00,Highway,Bike,26,0
882,2023-02-06 17:00:00,Highway,Bike,31,2
883,2023-02-06 18:00:00,Suburb,Car,60,4
884,2023-02-06 19:00:00,Suburb,Bus,81,2
885,2023-02-06 20:00:00,Suburb,Bike,80,3
886,2023-02-06 21:00:00,Suburb,Car,104,4
887,2023-02-06 22:00:00,City Center,Bus,93,1
888,2023-02-06 23:00:00,Highway,Car,117,2
889,2023-02-07 00:00:00,Suburb,Car,37,0
890,2023-02-07 01:00:00,City Center,Bus,112,1
891,2023-02-07 02:00:00,Suburb,Bus,94,1
892,2023-02-07 03:00:00,Suburb,Truck,102,0
893,2023-02-07 04:00:00,City Center,Bike,109,1
894,2023-02-07 05:00:00,City Center,Car,118,0
895,2023-02-07 06:00:00,Highway,Bus,92,0
896,2023-02-07 07:00:00,Highway,Bus,58,2
897,2023-02-07 08:00:00,Suburb,Truck,21,1
898,2023-02-07 09:00:00,Highway,Car,104,1
899,2023-02-07 10:00:00,Highway,Truck,93,2
900,2023-02-07 11:00:00,Highway,Bus,32,0
901,2023-02-07 12:00:00,City Center,Bus,108,0
902,2023-02-07 13:00:00,Suburb,Bike,36,3
903,2023-02-07 14:00:00,Highway,Bike,65,4
904,2023-02-07 15:00:00,Highway,Bike,26,2
905,2023-02-07 16:00:00,Suburb,Car,92,1
906,2023-02-07 17:00:00,Highway,Car,33,2
907,2023-02-07 18:00:00,Suburb,Car,55,3
908,2023-02-07 19:00:00,Highway,Bike,103,4
909,2023-02-07 20:00:00,Suburb,Truck,102,3
910,2023-02-07 21:00:00,Highway,Truck,39,1
911,2023-02-07 22:00:00,Highway,Bike,98,2
912,2023-02-07 23:00:00,Suburb,Truck,56,2
913,2023-02-08 00:00:00,City Center,Bike,101,0
914,2023-02-08 01:00:00,Highway,Bus,90,2
915,2023-02-08 02:00:00,Suburb,Truck,90,0
916,2023-02-08 03:00:00,Highway,Car,67,3
917,2023-02-08 04:00:00,City Center,Truck,73,4
918,2023-02-08 05:00:00,City Center,Car,29,2
919,2023-02-08 06:00:00,City Center,Bus,113,0
920,2023-02-08 07:00:00,Suburb,Bike,105,2
921,2023-02-08 08:00:00,Suburb,Bike,113,0
922,2023-02-08 09:00:00,City Center,Car,59,4
923,2023-02-08 10:00:00,City Center,Car,78,0
924,2023-02-08 11:00:00,Highway,Truck,110,4
925,2023-02-08 12:00:00,Suburb,Truck,25,2
926,2023-02-08 13:00:00,City Center,Truck,107,4
927,2023-02-08 14:00:00,Suburb,Bus,61,1
928,2023-02-08 15:00:00,City Center,Bus,109,2
929,2023-02-08 16:00:00,City Center,Bike,102,3
930,2023-02-08 17:00:00,City Center,Bus,58,4
931,2023-02-08 18:00:00,City Center,Truck,116,4
932,2023-02-08 19:00:00,Suburb,Bike,88,1
933,2023-02-08 20:00:00,City Center,Truck,59,1
934,2023-02-08 21:00:00,Suburb,Bike,86,3
935,2023-02-08 22:00:00,Suburb,Car,24,4
936,2023-02-08 23:00:00,Suburb,Truck,84,1
937,2023-02-09 00:00:00,City Center,Bike,60,1
938,2023-02-09 01:00:00,City Center,Bus,53,0
939,2023-02-09 02:00:00,Suburb,Bus,59,4
940,2023-02-09 03:00:00,City Center,Bus,63,3
941,2023-02-09 04:00:00,City Center,Truck,55,4
942,2023-02-09 05:00:00,Highway,Truck,85,1
943,2023-02-09 06:00:00,Highway,Bus,86,0
944,2023-02-09 07:00:00,Suburb,Bike,74,2
945,2023-02-09 08:00:00,Suburb,Car,96,0
946,2023-02-09 09:00:00,Highway,Bus,108,0
947,2023-02-09 10:00:00,Suburb,Bus,92,1
948,2023-02-09 11:00:00,City Center,Bike,95,3
949,2023-02-09 12:00:00,Highway,Car,79,0
950,2023-02-09 13:00:00,City Center,Bus,31,4
951,2023-02-09 14:00:00,Suburb,Bus,24,3
952,2023-02-09 15:00:00,City Center,Truck,104,3
953,2023-02-09 16:00:00,Suburb,Bus,74,1
954,2023-02-09 17:00:00,Suburb,Truck,76,4
955,2023-02-09 18:00:00,City Center,Car,28,4
956,2023-02-09 19:00:00,Suburb,Bus,22,1
957,2023-02-09 20:00:00,Suburb,Truck,113,3
958,2023-02-09 21:00:00,Suburb,Bike,83,2
959,2023-02-09 22:00:00,Highway,Car,35,1
960,2023-02-09 23:00:00,City Center,Bus,48,1
961,2023-02-10 00:00:00,City Center,Truck,26,3
962,2023-02-10 01:00:00,Suburb,Bus,111,2
963,2023-02-10 02:00:00,Highway,Bike,53,4
964,2023-02-10 03:00:00,City Center,Bike,100,1
965,2023-02-10 04:00:00,Highway,Car,38,4
966,2023-02-10 05:00:00,Suburb,Bus,83,3
967,2023-02-10 06:00:00,City Center,Bike,63,3
968,2023-02-10 07:00:00,Suburb,Car,40,4
969,2023-02-10 08:00:00,City Center,Bus,83,1
970,2023-02-10 09:00:00,Suburb,Car,84,3
971,2023-02-10 10:00:00,Suburb,Truck,59,0
972,2023-02-10 11:00:00,Suburb,Bus,51,1
973,2023-02-10 12:00:00,City Center,Truck,114,0
974,2023-02-10 13:00:00,Suburb,Truck,85,2
975,2023-02-10 14:00:00,City Center,Bike,31,2
976,2023-02-10 15:00:00,Suburb,Bus,24,1
977,2023-02-10 16:00:00,Highway,Car,80,3
978,2023-02-10 17:00:00,Suburb,Bus,51,0
979,2023-02-10 18:00:00,Highway,Truck,82,3
980,2023-02-10 19:00:00,Suburb,Car,28,0
981,2023-02-10 20:00:00,City Center,Bus,114,3
982,2023-02-10 21:00:00,City Center,Truck,104,4
983,2023-02-10 22:00:00,Highway,Car,83,3
984,2023-02-10 23:00:00,City Center,Truck,76,0
985,2023-02-11 00:00:00,Highway,Car,55,2
986,2023-02-11 01:00:00,Suburb,Car,101,0
987,2023-02-11 02:00:00,Highway,Truck,67,1
988,2023-02-11 03:00:00,Suburb,Bike,29,2
989,2023-02-11 04:00:00,Highway,Truck,44,4
990,2023-02-11 05:00:00,City Center,Car,116,4
991,2023-02-11 06:00:00,Suburb,Bus,26,4
992,2023-02-11 07:00:00,Highway,Truck,51,0
993,2023-02-11 08:00:00,City Center,Car,109,4
994,2023-02-11 09:00:00,Highway,Car,47,4
995,2023-02-11 10:00:00,Suburb,Bike,33,2
996,2023-02-11 11:00:00,Suburb,Truck,48,2
997,2023-02-11 12:00:00,Highway,Bus,54,2
998,2023-02-11 13:00:00,Suburb,Bus,116,0
999,2023-02-11 14:00:00,City Center,Bike,69,1
1000,2023-02-11 15:00:00,City Center,Truck,37,3
1001,2023-02-11 16:00:00,City Center,Truck,73,2
1002,2023-02-11 17:00:00,City Center,Bike,74,3
1003,2023-02-11 18:00:00,Highway,Bike,41,1
1004,2023-02-11 19:00:00,Highway,Bike,87,4
1005,2023-02-11 20:00:00,Highway,Bike,113,1
1006,2023-02-11 21:00:00,Suburb,Bus,26,3
1007,2023-02-11 22:00:00,Highway,Car,117,1
1008,2023-02-11 23:00:00,Highway,Bike,117,0
1009,2023-02-12 00:00:00,Suburb,Truck,73,0
1010,2023-02-12 01:00:00,City Center,Bike,62,2
1011,2023-02-12 02:00:00,Highway,Car,80,0
1012,2023-02-12 03:00:00,City Center,Bus,50,4
1013,2023-02-12 04:00:00,Suburb,Bike,89,2
1014,2023-02-12 05:00:00,Highway,Truck,94,2
1015,2023-02-12 06:00:00,City Center,Truck,61,1
1016,2023-02-12 07:00:00,City Center,Bus,37,1
1017,2023-02-12 08:00:00,Suburb,Car,89,2
1018,2023-02-12 09:00:00,Suburb,Bus,69,2
1019,2023-02-12 10:00:00,Suburb,Car,81,3
1020,2023-02-12 11:00:00,City Center,Bike,84,0
1021,2023-02-12 12:00:00,Highway,Bus,71,1
1022,2023-02-12 13:00:00,Suburb,Bike,66,0
1023,2023-02-12 14:00:00,Suburb,Bus,76,2
1024,2023-02-12 15:00:00,Suburb,Truck,51,1
1025,2023-02-12 16:00:00,City Center,Bus,103,2
1026,2023-02-12 17:00:00,Highway,Truck,110,1
1027,2023-02-12 18:00:00,Suburb,Bike,56,1
1028,2023-02-12 19:00:00,Highway,Bus,31,1
1029,2023-02-12 20:00:00,Highway,Car,117,4
1030,2023-02-12 21:00:00,City Center,Bus,54,1
1031,2023-02-12 22:00:00,City Center,Car,47,1
1032,2023-02-12 23:00:00,Suburb,Bus,74,3
1033,2023-02-13 00:00:00,Highway,Truck,61,3
1034,2023-02-13 01:00:00,Suburb,Bus,58,3
1035,2023-02-13 02:00:00,City Center,Truck,55,1
1036,2023-02-13 03:00:00,City Center,Truck,31,2
1037,2023-02-13 04:00:00,City Center,Bike,41,3
1038,2023-02-13 05:00:00,Suburb,Truck,69,1
1039,2023-02-13 06:00:00,City Center,Car,112,3
1040,2023-02-13 07:00:00,City Center,Truck,61,3
1041,2023-02-13 08:00:00,Highway,Bus,33,4
1042,2023-02-13 09:00:00,City Center,Car,52,3
1043,2023-02-13 10:00:00,City Center,Car,63,2
1044,2023-02-13 11:00:00,Suburb,Truck,95,1
1045,2023-02-13 12:00:00,City Center,Truck,50,4
1046,2023-02-13 13:00:00,City Center,Bike,28,1
1047,2023-02-13 14:00:00,Suburb,Bus,33,4
1048,2023-02-13 15:00:00,City Center,Bus,79,2
1049,2023-02-13 16:00:00,Highway,Bus,47,1
1050,2023-02-13 17:00:00,Highway,Bike,57,4
1051,2023-02-13 18:00:00,City Center,Car,67,4
1052,2023-02-13 19:00:00,City Center,Car,80,0
1053,2023-02-13 20:00:00,Highway,Truck,84,2
1054,2023-02-13 21:00:00,Suburb,Bus,100,0
1055,2023-02-13 22:00:00,City Center,Car,45,3
1056,2023-02-13 23:00:00,City Center,Truck,90,3
1057,2023-02-14 00:00:00,Highway,Bus,71,3
1058,2023-02-14 01:00:00,Highway,Truck,20,0
1059,2023-02-14 02:00:00,Suburb,Bus,83,1
1060,2023-02-14 03:00:00,Suburb,Bus,53,2
1061,2023-02-14 04:00:00,Suburb,Car,107,4
1062,2023-02-14 05:00:00,Highway,Bike,79,3
1063,2023-02-14 06:00:00,Highway,Car,46,4
1064,2023-02-14 07:00:00,Suburb,Truck,103,3
1065,2023-02-14 08:00:00,Suburb,Bike,75,4
1066,2023-02-14 09:00:00,Suburb,Bus,116,4
1067,2023-02-14 10:00:00,Highway,Car,24,4
1068,2023-02-14 11:00:00,Suburb,Bus,81,2
1069,2023-02-14 12:00:00,City Center,Car,32,0
1070,2023-02-14 13:00:00,City Center,Truck,119,2
1071,2023-02-14 14:00:00,City Center,Truck,76,0
1072,2023-02-14 15:00:00,Highway,Bus,71,2
1073,2023-02-14 16:00:00,Suburb,Bus,97,0
1074,2023-02-14 17:00:00,Highway,Bus,98,4
1075,2023-02-14 18:00:00,Suburb,Truck,46,3
1076,2023-02-14 19:00:00,City Center,Car,21,0
1077,2023-02-14 20:00:00,Highway,Bus,52,0
1078,2023-02-14 21:00:00,Suburb,Car,49,3
1079,2023-02-14 22:00:00,Suburb,Bus,56,3
1080,2023-02-14 23:00:00,City Center,Bus,48,0
1081,2023-02-15 00:00:00,Highway,Bike,20,0
1082,2023-02-15 01:00:00,Highway,Car,56,1
1083,2023-02-15 02:00:00,Suburb,Bus,99,2
1084,2023-02-15 03:00:00,City Center,Bike,24,0
1085,2023-02-15 04:00:00,Suburb,Bus,76,3
1086,2023-02-15 05:00:00,Highway,Bike,60,1
1087,2023-02-15 06:00:00,Suburb,Car,73,2
1088,2023-02-15 07:00:00,Highway,Car,103,1
1089,2023-02-15 08:00:00,Suburb,Car,30,1
1090,2023-02-15 09:00:00,City Center,Bus,100,2
1091,2023-02-15 10:00:00,City Center,Truck,23,1
1092,2023-02-15 11:00:00,City Center,Truck,38,0
1093,2023-02-15 12:00:00,City Center,Truck,82,4
1094,2023-02-15 13:00:00,City Center,Car,58,0
1095,2023-02-15 14:00:00,City Center,Bike,94,0
1096,2023-02-15 15:00:00,Highway,Bus,102,2
1097,2023-02-15 16:00:00,Highway,Truck,70,1
1098,2023-02-15 17:00:00,Suburb,Bike,36,4
1099,2023-02-15 18:00:00,Highway,Bike,65,4
1100,2023-02-15 19:00:00,Highway,Truck,36,3
1101,2023-02-15 20:00:00,Suburb,Bus,50,3
1102,2023-02-15 21:00:00,City Center,Bus,100,1
1103,2023-02-15 22:00:00,Highway,Truck,51,0
1104,2023-02-15 23:00:00,City Center,Car,38,0
1105,2023-02-16 00:00:00,City Center,Car,58,3
1106,2023-02-16 01:00:00,City Center,Truck,80,2
1107,2023-02-16 02:00:00,Suburb,Truck,57,2
1108,2023-02-16 03:00:00,City Center,Truck,72,1
1109,2023-02-16 04:00:00,City Center,Truck,34,4
1110,2023-02-16 05:00:00,Highway,Bike,53,0
1111,2023-02-16 06:00:00,Highway,Truck,28,3
1112,2023-02-16 07:00:00,City Center,Car,71,4
1113,2023-02-16 08:00:00,Suburb,Bus,67,2
1114,2023-02-16 09:00:00,Suburb,Bus,72,4
1115,2023-02-16 10:00:00,Suburb,Bike,27,1
1116,2023-02-16 11:00:00,Suburb,Truck,75,0
1117,2023-02-16 12:00:00,Suburb,Bike,97,1
1118,2023-02-16 13:00:00,Highway,Truck,106,2
1119,2023-02-16 14:00:00,Highway,Bus,90,1
1120,2023-02-16 15:00:00,Highway,Bus,87,4
1121,2023-02-16 16:00:00,Highway,Bus,52,1
1122,2023-02-16 17:00:00,City Center,Car,111,4
1123,2023-02-16 18:00:00,City Center,Bike,73,4
1124,2023-02-16 19:00:00,Highway,Car,60,1
1125,2023-02-16 20:00:00,Suburb,Bus,99,1
1126,2023-02-16 21:00:00,City Center,Car,23,2
1127,2023-02-16 22:00:00,City Center,Truck,114,1
1128,2023-02-16 23:00:00,City Center,Bike,29,4
1129,2023-02-17 00:00:00,Highway,Truck,80,3
1130,2023-02-17 01:00:00,Highway,Bus,113,0
1131,2023-02-17 02:00:00,City Center,Bike,96,0
1132,2023-02-17 03:00:00,Highway,Bike,38,2
1133,2023-02-17 04:00:00,Highway,Car,90,3
1134,2023-02-17 05:00:00,Suburb,Truck,86,1
1135,2023-02-17 06:00:00,Suburb,Car,59,3
1136,2023-02-17 07:00:00,City Center,Car,36,4
1137,2023-02-17 08:00:00,Suburb,Truck,93,1
1138,2023-02-17 09:00:00,Highway,Truck,58,4
1139,2023-02-17 10:00:00,City Center,Truck,96,3
1140,2023-02-17 11:00:00,Highway,Truck,74,3
1141,2023-02-17 12:00:00,Highway,Bike,38,0
1142,2023-02-17 13:00:00,Highway,Bike,65,2
1143,2023-02-17 14:00:00,Highway,Car,83,1
1144,2023-02-17 15:00:00,Suburb,Bus,75,1
1145,2023-02-17 16:00:00,City Center,Bike,50,0
1146,2023-02-17 17:00:00,Highway,Bike,73,1
1147,2023-02-17 18:00:00,City Center,Bike,116,2
1148,2023-02-17 19:00:00,Highway,Bike,30,1
1149,2023-02-17 20:00:00,Suburb,Bike,110,0
1150,2023-02-17 21:00:00,Highway,Bike,62,4
1151,2023-02-17 22:00:00,Highway,Bike,90,1
1152,2023-02-17 23:00:00,City Center,Bus,23,1
1153,2023-02-18 00:00:00,City Center,Bike,95,0
1154,2023-02-18 01:00:00,Suburb,Bike,44,3
1155,2023-02-18 02:00:00,City Center,Bus,28,4
1156,2023-02-18 03:00:00,City Center,Bike,73,2
1157,2023-02-18 04:00:00,Highway,Truck,58,3
1158,2023-02-18 05:00:00,Suburb,Bike,114,1
1159,2023-02-18 06:00:00,City Center,Bike,39,3
1160,2023-02-18 07:00:00,Highway,Bus,81,0
1161,2023-02-18 08:00:00,Highway,Car,116,0
1162,2023-02-18 09:00:00,Suburb,Bike,53,3
1163,2023-02-18 10:00:00,Suburb,Bike,115,1
1164,2023-02-18 11:00:00,City Center,Bike,109,2
1165,2023-02-18 12:00:00,Highway,Car,88,1
1166,2023-02-18 13:00:00,Highway,Truck,32,4
1167,2023-02-18 14:00:00,Highway,Bike,81,3
1168,2023-02-18 15:00:00,City Center,Bike,96,1
1169,2023-02-18 16:00:00,Suburb,Truck,75,0
1170,2023-02-18 17:00:00,City Center,Bus,34,2
1171,2023-02-18 18:00:00,City Center,Truck,112,3
1172,2023-02-18 19:00:00,Highway,Bus,35,3
1173,2023-02-18 20:00:00,City Center,Bike,36,0
1174,2023-02-18 21:00:00,City Center,Bike,22,0
1175,2023-02-18 22:00:00,Highway,Bus,68,3
1176,2023-02-18 23:00:00,City Center,Bike,61,1
1177,2023-02-19 00:00:00,Highway,Car,64,1
1178,2023-02-19 01:00:00,Highway,Bus,85,3
1179,2023-02-19 02:00:00,Suburb,Car,27,0
1180,2023-02-19 03:00:00,City Center,Truck,109,3
1181,2023-02-19 04:00:00,City Center,Bus,28,0
1182,2023-02-19 05:00:00,Highway,Truck,112,2
1183,2023-02-19 06:00:00,City Center,Car,95,2
1184,2023-02-19 07:00:00,City Center,Bus,117,3
1185,2023-02-19 08:00:00,City Center,Truck,49,0
1186,2023-02-19 09:00:00,Highway,Bus,117,3
1187,2023-02-19 10:00:00,Suburb,Bus,109,1
1188,2023-02-19 11:00:00,Suburb,Bus,116,3
1189,2023-02-19 12:00:00,City Center,Truck,28,1
1190,2023-02-19 13:00:00,Suburb,Car,89,3
1191,2023-02-19 14:00:00,Suburb,Car,110,1
1192,2023-02-19 15:00:00,Suburb,Truck,103,3
1193,2023-02-19 16:00:00,Suburb,Bus,55,3
1194,2023-02-19 17:00:00,City Center,Bus,77,1
1195,2023-02-19 18:00:00,Highway,Bike,45,3
1196,2023-02-19 19:00:00,City Center,Bike,22,4
1197,2023-02-19 20:00:00,Highway,Bike,49,0
1198,2023-02-19 21:00:00,Highway,Bike,47,0
1199,2023-02-19 22:00:00,Highway,Bus,70,4
1200,2023-02-19 23:00:00,Highway,Car,115,1
1201,2023-02-20 00:00:00,Suburb,Bike,47,0
1202,2023-02-20 01:00:00,City Center,Truck,42,1
1203,2023-02-20 02:00:00,Highway,Truck,20,4
1204,2023-02-20 03:00:00,Suburb,Bike,74,1
1205,2023-02-20 04:00:00,Suburb,Truck,82,3
1206,2023-02-20 05:00:00,Suburb,Car,30,2
1207,2023-02-20 06:00:00,City Center,Truck,76,4
1208,2023-02-20 07:00:00,Highway,Truck,93,4
1209,2023-02-20 08:00:00,City Center,Car,77,3
1210,2023-02-20 09:00:00,Suburb,Bus,94,4
1211,2023-02-20 10:00:00,Highway,Bike,52,3
1212,2023-02-20 11:00:00,Highway,Car,80,2
1213,2023-02-20 12:00:00,Suburb,Truck,113,1
1214,2023-02-20 13:00:00,City Center,Bus,30,1
1215,2023-02-20 14:00:00,City Center,Bus,24,1
1216,2023-02-20 15:00:00,City Center,Bus,66,2
1217,2023-02-20 16:00:00,Highway,Car,68,0
1218,2023-02-20 17:00:00,City Center,Car,90,4
1219,2023-02-20 18:00:00,Suburb,Car,66,2
1220,2023-02-20 19:00:00,City Center,Bus,114,4
1221,2023-02-20 20:00:00,Highway,Truck,69,3
1222,2023-02-20 21:00:00,City Center,Bike,36,0
1223,2023-02-20 22:00:00,Suburb,Bus,75,1
1224,2023-02-20 23:00:00,Suburb,Bus,53,0
1225,2023-02-21 00:00:00,Suburb,Bus,98,1
1226,2023-02-21 01:00:00,Highway,Bike,27,2
1227,2023-02-21 02:00:00,Highway,Bus,76,0
1228,2023-02-21 03:00:00,Suburb,Truck,25,2
1229,2023-02-21 04:00:00,Suburb,Truck,84,0
1230,2023-02-21 05:00:00,Highway,Bus,118,2
1231,2023-02-21 06:00:00,Highway,Bus,56,2
1232,2023-02-21 07:00:00,City Center,Bus,92,1
1233,2023-02-21 08:00:00,Suburb,Car,31,2
1234,2023-02-21 09:00:00,City Center,Bus,24,0
1235,2023-02-21 10:00:00,Highway,Car,68,3
1236,2023-02-21 11:00:00,Highway,Bike,40,4
1237,2023-02-21 12:00:00,City Center,Truck,72,4
1238,2023-02-21 13:00:00,Suburb,Truck,28,2
1239,2023-02-21 14:00:00,City Center,Bike,45,0
1240,2023-02-21 15:00:00,City Center,Bike,40,3
1241,2023-02-21 16:00:00,City Center,Bike,59,4
1242,2023-02-21 17:00:00,Highway,Car,109,2
1243,2023-02-21 18:00:00,Highway,Car,21,4
1244,2023-02-21 19:00:00,City Center,Truck,30,3
1245,2023-02-21 20:00:00,City Center,Bike,50,0
1246,2023-02-21 21:00:00,Highway,Bus,71,3
1247,2023-02-21 22:00:00,City Center,Car,117,1
1248,2023-02-21 23:00:00,City Center,Bike,102,4
1249,2023-02-22 00:00:00,Suburb,Bike,73,3
1250,2023-02-22 01:00:00,Suburb,Truck,35,3
1251,2023-02-22 02:00:00,City Center,Car,49,3
1252,2023-02-22 03:00:00,Highway,Car,27,0
1253,2023-02-22 04:00:00,Suburb,Truck,76,3
1254,2023-02-22 05:00:00,City Center,Bike,70,2
1255,2023-02-22 06:00:00,City Center,Car,113,1
1256,2023-02-22 07:00:00,City Center,Car,26,4
1257,2023-02-22 08:00:00,City Center,Bus,68,4
1258,2023-02-22 09:00:00,Highway,Bike,70,1
1259,2023-02-22 10:00:00,City Center,Bus,86,1
1260,2023-02-22 11:00:00,City Center,Bus,119,1
1261,2023-02-22 12:00:00,Highway,Truck,23,3
1262,2023-02-22 13:00:00,Highway,Bike,80,1
1263,2023-02-22 14:00:00,City Center,Truck,84,4
1264,2023-02-22 15:00:00,Suburb,Bus,30,3
1265,2023-02-22 16:00:00,City Center,Truck,91,3
1266,2023-02-22 17:00:00,City Center,Car,83,1
1267,2023-02-22 18:00:00,Highway,Car,59,4
1268,2023-02-22 19:00:00,Suburb,Car,30,3
1269,2023-02-22 20:00:00,Highway,Truck,71,4
1270,2023-02-22 21:00:00,Suburb,Truck,32,1
1271,2023-02-22 22:00:00,Highway,Bike,68,1
1272,2023-02-22 23:00:00,City Center,Truck,82,2
1273,2023-02-23 00:00:00,Suburb,Car,77,4
1274,2023-02-23 01:00:00,City Center,Car,85,1
1275,2023-02-23 02:00:00,City Center,Bike,50,2
1276,2023-02-23 03:00:00,City Center,Bike,49,4
1277,2023-02-23 04:00:00,Highway,Car,57,0
1278,2023-02-23 05:00:00,Highway,Car,68,1
1279,2023-02-23 06:00:00,Highway,Car,111,3
1280,2023-02-23 07:00:00,Suburb,Bike,117,2
1281,2023-02-23 08:00:00,City Center,Car,20,2
1282,2023-02-23 09:00:00,City Center,Truck,115,3
1283,2023-02-23 10:00:00,Suburb,Car,56,0
1284,2023-02-23 11:00:00,City Center,Truck,70,1
1285,2023-02-23 12:00:00,City Center,Bike,22,4
1286,2023-02-23 13:00:00,Highway,Truck,49,0
1287,2023-02-23 14:00:00,Suburb,Truck,39,0
1288,2023-02-23 15:00:00,City Center,Car,71,4
1289,2023-02-23 16:00:00,Highway,Bike,116,3
1290,2023-02-23 17:00:00,City Center,Bus,109,0
1291,2023-02-23 18:00:00,Suburb,Truck,36,2
1292,2023-02-23 19:00:00,Highway,Bus,59,2
1293,2023-02-23 20:00:00,City Center,Bus,109,4
1294,2023-02-23 21:00:00,City Center,Car,46,2
1295,2023-02-23 22:00:00,Highway,Car,119,0
1296,2023-02-23 23:00:00,City Center,Truck,114,3
1297,2023-02-24 00:00:00,Suburb,Truck,113,2
1298,2023-02-24 01:00:00,City Center,Car,60,1
1299,2023-02-24 02:00:00,Highway,Car,83,2
1300,2023-02-24 03:00:00,City Center,Car,82,0
1301,2023-02-24 04:00:00,City Center,Bike,49,4
1302,2023-02-24 05:00:00,City Center,Bus,72,1
1303,2023-02-24 06:00:00,City Center,Bike,116,1
1304,2023-02-24 07:00:00,Suburb,Bus,82,0
1305,2023-02-24 08:00:00,City Center,Bike,110,0
1306,2023-02-24 09:00:00,Suburb,Car,65,3
1307,2023-02-24 10:00:00,Suburb,Truck,95,1
1308,2023-02-24 11:00:00,City Center,Truck,115,0
1309,2023-02-24 12:00:00,Highway,Truck,86,3
1310,2023-02-24 13:00:00,City Center,Bus,72,4
1311,2023-02-24 14:00:00,Suburb,Truck,89,2
1312,2023-02-24 15:00:00,Highway,Bike,47,4
1313,2023-02-24 16:00:00,Highway,Car,52,1
1314,2023-02-24 17:00:00,Suburb,Truck,87,3
1315,2023-02-24 18:00:00,Highway,Truck,68,3
1316,2023-02-24 19:00:00,Suburb,Truck,47,3
1317,2023-02-24 20:00:00,Highway,Truck,37,0
1318,2023-02-24 21:00:00,Suburb,Bus,56,1
1319,2023-02-24 22:00:00,Highway,Truck,20,0
1320,2023-02-24 23:00:00,Suburb,Car,81,0
1321,2023-02-25 00:00:00,City Center,Bike,35,0
1322,2023-02-25 01:00:00,Highway,Truck,49,0
1323,2023-02-25 02:00:00,City Center,Car,24,1
1324,2023-02-25 03:00:00,City Center,Bus,60,3
1325,2023-02-25 04:00:00,Highway,Bus,103,2
1326,2023-02-25 05:00:00,City Center,Bike,95,0
1327,2023-02-25 06:00:00,Highway,Bike,107,4
1328,2023-02-25 07:00:00,City Center,Truck,112,1
1329,2023-02-25 08:00:00,Highway,Truck,113,0
1330,2023-02-25 09:00:00,Highway,Bus,92,3
1331,2023-02-25 10:00:00,Highway,Bus,68,2
1332,2023-02-25 11:00:00,City Center,Car,90,1
1333,2023-02-25 12:00:00,City Center,Truck,81,2
1334,2023-02-25 13:00:00,City Center,Truck,95,2
1335,2023-02-25 14:00:00,Suburb,Bus,89,3
1336,2023-02-25 15:00:00,Suburb,Car,68,1
1337,2023-02-25 16:00:00,Suburb,Bike,102,0
1338,2023-02-25 17:00:00,Suburb,Bike,45,1
1339,2023-02-25 18:00:00,Suburb,Bike,99,3
1340,2023-02-25 19:00:00,Suburb,Bike,93,3
1341,2023-02-25 20:00:00,Suburb,Truck,33,0
1342,2023-02-25 21:00:00,Suburb,Truck,22,3
1343,2023-02-25 22:00:00,City Center,Truck,29,0
1344,2023-02-25 23:00:00,Highway,Bike,58,3
1345,2023-02-26 00:00:00,Suburb,Bike,59,2
1346,2023-02-26 01:00:00,City Center,Bus,90,1
1347,2023-02-26 02:00:00,City Center,Bike,25,1
1348,2023-02-26 03:00:00,Suburb,Car,35,3
1349,2023-02-26 04:00:00,Highway,Car,46,2
1350,2023-02-26 05:00:00,City Center,Car,118,3
1351,2023-02-26 06:00:00,City Center,Bus,115,2
1352,2023-02-26 07:00:00,Highway,Bike,31,2
1353,2023-02-26 08:00:00,Suburb,Bus,52,3
1354,2023-02-26 09:00:00,Suburb,Bus,83,1
1355,2023-02-26 10:00:00,Suburb,Bus,110,2
1356,2023-02-26 11:00:00,Suburb,Truck,116,4
1357,2023-02-26 12:00:00,City Center,Truck,95,0
1358,2023-02-26 13:00:00,Suburb,Bike,104,1
1359,2023-02-26 14:00:00,Highway,Bus,106,2
1360,2023-02-26 15:00:00,Highway,Bike,101,4
1361,2023-02-26 16:00:00,Highway,Car,48,1
1362,2023-02-26 17:00:00,City Center,Truck,38,2
1363,2023-02-26 18:00:00,Highway,Bus,54,2
1364,2023-02-26 19:00:00,Highway,Truck,70,3
1365,2023-02-26 20:00:00,City Center,Truck,106,4
1366,2023-02-26 21:00:00,City Center,Truck,64,0
1367,2023-02-26 22:00:00,Suburb,Bus,90,0
1368,2023-02-26 23:00:00,Suburb,Car,116,1
1369,2023-02-27 00:00:00,Highway,Truck,117,0
1370,2023-02-27 01:00:00,City Center,Car,69,1
1371,2023-02-27 02:00:00,City Center,Bike,46,3
1372,2023-02-27 03:00:00,Highway,Car,95,4
1373,2023-02-27 04:00:00,Suburb,Bike,87,4
1374,2023-02-27 05:00:00,City Center,Car,26,2
1375,2023-02-27 06:00:00,City Center,Truck,34,1
1376,2023-02-27 07:00:00,City Center,Truck,43,1
1377,2023-02-27 08:00:00,Suburb,Car,82,0
1378,2023-02-27 09:00:00,City Center,Car,42,3
1379,2023-02-27 10:00:00,Suburb,Bike,41,2
1380,2023-02-27 11:00:00,Suburb,Bike,97,0
1381,2023-02-27 12:00:00,Highway,Bike,116,3
1382,2023-02-27 13:00:00,Suburb,Bus,101,0
1383,2023-02-27 14:00:00,Highway,Truck,49,0
1384,2023-02-27 15:00:00,City Center,Truck,33,0
1385,2023-02-27 16:00:00,Highway,Truck,85,3
1386,2023-02-27 17:00:00,Highway,Bike,27,1
1387,2023-02-27 18:00:00,City Center,Car,97,0
1388,2023-02-27 19:00:00,City Center,Car,29,3
1389,2023-02-27 20:00:00,Suburb,Truck,82,1
1390,2023-02-27 21:00:00,City Center,Bike,76,1
1391,2023-02-27 22:00:00,City Center,Truck,93,3
1392,2023-02-27 23:00:00,Highway,Bike,47,4
1393,2023-02-28 00:00:00,Highway,Car,77,2
1394,2023-02-28 01:00:00,Highway,Bike,95,4
1395,2023-02-28 02:00:00,City Center,Car,88,2
1396,2023-02-28 03:00:00,Highway,Car,96,3
1397,2023-02-28 04:00:00,Highway,Bike,112,0
1398,2023-02-28 05:00:00,City Center,Truck,80,2
1399,2023-02-28 06:00:00,Suburb,Bus,84,0
1400,2023-02-28 07:00:00,City Center,Car,61,3
1401,2023-02-28 08:00:00,Highway,Car,45,1
1402,2023-02-28 09:00:00,Highway,Car,104,0
1403,2023-02-28 10:00:00,Highway,Bike,36,0
1404,2023-02-28 11:00:00,City Center,Bike,114,3
1405,2023-02-28 12:00:00,Highway,Truck,59,3
1406,2023-02-28 13:00:00,City Center,Car,81,4
1407,2023-02-28 14:00:00,City Center,Truck,87,1
1408,2023-02-28 15:00:00,Highway,Car,48,1
1409,2023-02-28 16:00:00,City Center,Bus,116,0
1410,2023-02-28 17:00:00,City Center,Truck,59,3
1411,2023-02-28 18:00:00,City Center,Bike,65,1
1412,2023-02-28 19:00:00,Highway,Car,58,4
1413,2023-02-28 20:00:00,Suburb,Car,92,3
1414,2023-02-28 21:00:00,Highway,Bike,116,3
1415,2023-02-28 22:00:00,City Center,Car,92,1
1416,2023-02-28 23:00:00,City Center,Bike,46,4
1417,2023-03-01 00:00:00,Highway,Bus,101,0
1418,2023-03-01 01:00:00,City Center,Bus,113,2
1419,2023-03-01 02:00:00,Highway,Truck,68,1
1420,2023-03-01 03:00:00,City Center,Bus,89,1
1421,2023-03-01 04:00:00,City Center,Truck,48,1
1422,2023-03-01 05:00:00,Suburb,Bus,95,4
1423,2023-03-01 06:00:00,Suburb,Bike,79,1
1424,2023-03-01 07:00:00,Suburb,Bus,44,0
1425,2023-03-01 08:00:00,Highway,Car,22,4
1426,2023-03-01 09:00:00,Highway,Bike,112,3
1427,2023-03-01 10:00:00,Suburb,Truck,38,4
1428,2023-03-01 11:00:00,Suburb,Car,115,1
1429,2023-03-01 12:00:00,City Center,Bike,104,2
1430,2023-03-01 13:00:00,City Center,Bus,23,0
1431,2023-03-01 14:00:00,City Center,Truck,80,3
1432,2023-03-01 15:00:00,City Center,Bus,107,0
1433,2023-03-01 16:00:00,Highway,Bike,51,1
1434,2023-03-01 17:00:00,Highway,Truck,56,2
1435,2023-03-01 18:00:00,Highway,Bike,96,3
1436,2023-03-01 19:00:00,Suburb,Truck,66,2
1437,2023-03-01 20:00:00,City Center,Car,69,3
1438,2023-03-01 21:00:00,Suburb,Car,91,4
1439,2023-03-01 22:00:00,Highway,Truck,104,1
1440,2023-03-01 23:00:00,Highway,Truck,64,0
1441,2023-03-02 00:00:00,Suburb,Truck,96,2
1442,2023-03-02 01:00:00,Highway,Bike,113,3
1443,2023-03-02 02:00:00,City Center,Bus,47,4
1444,2023-03-02 03:00:00,City Center,Bike,29,4
1445,2023-03-02 04:00:00,City Center,Bus,82,3
1446,2023-03-02 05:00:00,Suburb,Car,107,0
1447,2023-03-02 06:00:00,Highway,Car,66,3
1448,2023-03-02 07:00:00,Highway,Bus,41,1
1449,2023-03-02 08:00:00,Suburb,Car,89,0
1450,2023-03-02 09:00:00,Highway,Bus,95,2
1451,2023-03-02 10:00:00,City Center,Bike,63,3
1452,2023-03-02 11:00:00,City Center,Car,61,1
1453,2023-03-02 12:00:00,City Center,Truck,115,3
1454,2023-03-02 13:00:00,Highway,Car,105,4
1455,2023-03-02 14:00:00,Suburb,Bike,23,3
1456,2023-03-02 15:00:00,Suburb,Bike,26,4
1457,2023-03-02 16:00:00,Highway,Truck,23,0
1458,2023-03-02 17:00:00,City Center,Car,100,2
1459,2023-03-02 18:00:00,Highway,Car,67,4
1460,2023-03-02 19:00:00,Suburb,Bus,75,2
1461,2023-03-02 20:00:00,City Center,Truck,51,2
1462,2023-03-02 21:00:00,Suburb,Bus,72,2
1463,2023-03-02 22:00:00,Highway,Bus,65,3
1464,2023-03-02 23:00:00,Suburb,Bike,30,1
1465,2023-03-03 00:00:00,Highway,Car,64,2
1466,2023-03-03 01:00:00,City Center,Car,101,2
1467,2023-03-03 02:00:00,City Center,Car,36,3
1468,2023-03-03 03:00:00,Suburb,Bus,76,1
1469,2023-03-03 04:00:00,City Center,Truck,79,4
1470,2023-03-03 05:00:00,Highway,Bus,76,0
1471,2023-03-03 06:00:00,City Center,Bus,113,0
1472,2023-03-03 07:00:00,Suburb,Truck,57,0
1473,2023-03-03 08:00:00,Suburb,Bike,47,2
1474,2023-03-03 09:00:00,City Center,Truck,67,1
1475,2023-03-03 10:00:00,Suburb,Bus,102,4
1476,2023-03-03 11:00:00,Suburb,Car,97,3
1477,2023-03-03 12:00:00,City Center,Bike,82,2
1478,2023-03-03 13:00:00,Suburb,Car,36,1
1479,2023-03-03 14:00:00,Suburb,Bus,25,0
1480,2023-03-03 15:00:00,Highway,Truck,115,1
1481,2023-03-03 16:00:00,City Center,Truck,52,4
1482,2023-03-03 17:00:00,Suburb,Bike,70,2
1483,2023-03-03 18:00:00,Suburb,Bike,60,0
1484,2023-03-03 19:00:00,Highway,Bus,54,3
1485,2023-03-03 20:00:00,City Center,Car,119,1
1486,2023-03-03 21:00:00,Suburb,Bus,85,0
1487,2023-03-03 22:00:00,Suburb,Truck,48,4
1488,2023-03-03 23:00:00,City Center,Bus,51,4
1489,2023-03-04 00:00:00,Highway,Bus,71,1
1490,2023-03-04 01:00:00,Suburb,Car,61,3
1491,2023-03-04 02:00:00,Suburb,Bus,107,4
1492,2023-03-04 03:00:00,City Center,Bike,82,1
1493,2023-03-04 04:00:00,City Center,Truck,23,4
1494,2023-03-04 05:00:00,Suburb,Truck,51,3
1495,2023-03-04 06:00:00,Highway,Truck,110,1
1496,2023-03-04 07:00:00,City Center,Bus,106,0
1497,2023-03-04 08:00:00,Highway,Car,58,4
1498,2023-03-04 09:00:00,Suburb,Car,61,0
1499,2023-03-04 10:00:00,Highway,Bus,68,1
1500,2023-03-04 11:00:00,Highway,Car,27,1
1501,2023-03-04 12:00:00,Highway,Bike,51,3
1502,2023-03-04 13:00:00,Suburb,Truck,79,0
1503,2023-03-04 14:00:00,Suburb,Truck,97,0
1504,2023-03-04 15:00:00,Suburb,Car,70,2
1505,2023-03-04 16:00:00,Suburb,Truck,80,0
1506,2023-03-04 17:00:00,Highway,Bus,89,4
1507,2023-03-04 18:00:00,City Center,Bike,77,1
1508,2023-03-04 19:00:00,Highway,Bike,64,2
1509,2023-03-04 20:00:00,City Center,Bike,105,3
1510,2023-03-04 21:00:00,Highway,Bus,31,1
1511,2023-03-04 22:00:00,Suburb,Car,64,2
1512,2023-03-04 23:00:00,Suburb,Car,43,4
1513,2023-03-05 00:00:00,City Center,Truck,51,4
1514,2023-03-05 01:00:00,City Center,Truck,54,1
1515,2023-03-05 02:00:00,Highway,Bus,48,1
1516,2023-03-05 03:00:00,City Center,Truck,66,2
1517,2023-03-05 04:00:00,City Center,Truck,47,1
1518,2023-03-05 05:00:00,City Center,Bike,20,0
1519,2023-03-05 06:00:00,Suburb,Bike,33,1
1520,2023-03-05 07:00:00,Suburb,Bike,104,3
1521,2023-03-05 08:00:00,Suburb,Bus,21,3
1522,2023-03-05 09:00:00,City Center,Truck,65,3
1523,2023-03-05 10:00:00,Suburb,Car,91,0
1524,2023-03-05 11:00:00,Suburb,Truck,85,1
1525,2023-03-05 12:00:00,City Center,Bike,102,4
1526,2023-03-05 13:00:00,Suburb,Bike,64,0
1527,2023-03-05 14:00:00,City Center,Bike,41,1
1528,2023-03-05 15:00:00,City Center,Car,72,4
1529,2023-03-05 16:00:00,Highway,Car,98,3
1530,2023-03-05 17:00:00,Suburb,Truck,27,0
1531,2023-03-05 18:00:00,Highway,Bus,107,2
1532,2023-03-05 19:00:00,City Center,Car,20,0
1533,2023-03-05 20:00:00,Suburb,Car,107,1
1534,2023-03-05 21:00:00,City Center,Car,72,2
1535,2023-03-05 22:00:00,City Center,Bike,94,2
1536,2023-03-05 23:00:00,City Center,Bus,48,2
1537,2023-03-06 00:00:00,City Center,Bike,114,2
1538,2023-03-06 01:00:00,Suburb,Truck,105,0
1539,2023-03-06 02:00:00,Highway,Car,110,0
1540,2023-03-06 03:00:00,City Center,Bus,38,3
1541,2023-03-06 04:00:00,City Center,Bike,67,2
1542,2023-03-06 05:00:00,Suburb,Truck,47,3
1543,2023-03-06 06:00:00,City Center,Bus,29,2
1544,2023-03-06 07:00:00,City Center,Bike,113,4
1545,2023-03-06 08:00:00,Suburb,Truck,42,1
1546,2023-03-06 09:00:00,City Center,Truck,35,0
1547,2023-03-06 10:00:00,City Center,Bike,119,0
1548,2023-03-06 11:00:00,Suburb,Truck,55,0
1549,2023-03-06 12:00:00,Suburb,Truck,29,0
1550,2023-03-06 13:00:00,Suburb,Car,91,4
1551,2023-03-06 14:00:00,Highway,Bus,73,3
1552,2023-03-06 15:00:00,Highway,Truck,81,3
1553,2023-03-06 16:00:00,Suburb,Bike,90,0
1554,2023-03-06 17:00:00,Suburb,Truck,40,3
1555,2023-03-06 18:00:00,Suburb,Car,76,3
1556,2023-03-06 19:00:00,Suburb,Bus,41,0
1557,2023-03-06 20:00:00,City Center,Car,79,0
1558,2023-03-06 21:00:00,City Center,Bike,54,2
1559,2023-03-06 22:00:00,City Center,Bike,83,0
1560,2023-03-06 23:00:00,Suburb,Car,27,0
1561,2023-03-07 00:00:00,Suburb,Bus,66,4
1562,2023-03-07 01:00:00,Suburb,Bike,30,2
1563,2023-03-07 02:00:00,Suburb,Bike,26,4
1564,2023-03-07 03:00:00,Suburb,Bike,31,3
1565,2023-03-07 04:00:00,Highway,Bike,95,3
1566,2023-03-07 05:00:00,Suburb,Car,98,2
1567,2023-03-07 06:00:00,Highway,Bike,84,3
1568,2023-03-07 07:00:00,City Center,Bus,39,2
1569,2023-03-07 08:00:00,Suburb,Bus,54,0
1570,2023-03-07 09:00:00,Suburb,Bike,55,0
1571,2023-03-07 10:00:00,Suburb,Car,26,4
1572,2023-03-07 11:00:00,City Center,Car,20,3
1573,2023-03-07 12:00:00,City Center,Bus,67,4
1574,2023-03-07 13:00:00,City Center,Bike,24,0
1575,2023-03-07 14:00:00,City Center,Bus,34,0
1576,2023-03-07 15:00:00,City Center,Bus,48,4
1577,2023-03-07 16:00:00,Suburb,Truck,50,1
1578,2023-03-07 17:00:00,Highway,Truck,34,2
1579,2023-03-07 18:00:00,Highway,Bike,117,4
1580,2023-03-07 19:00:00,City Center,Car,63,1
1581,2023-03-07 20:00:00,Highway,Bike,79,3
1582,2023-03-07 21:00:00,City Center,Truck,41,3
1583,2023-03-07 22:00:00,Suburb,Car,23,0
1584,2023-03-07 23:00:00,City Center,Bike,48,0
1585,2023-03-08 00:00:00,Highway,Car,21,3
1586,2023-03-08 01:00:00,City Center,Bus,46,0
1587,2023-03-08 02:00:00,Highway,Bus,111,0
1588,2023-03-08 03:00:00,Highway,Bike,65,0
1589,2023-03-08 04:00:00,Highway,Bus,98,2
1590,2023-03-08 05:00:00,City Center,Bike,118,3
1591,2023-03-08 06:00:00,Suburb,Truck,52,0
1592,2023-03-08 07:00:00,Suburb,Bus,52,0
1593,2023-03-08 08:00:00,Highway,Bus,63,3
1594,2023-03-08 09:00:00,Highway,Truck,79,4
1595,2023-03-08 10:00:00,Suburb,Car,100,4
1596,2023-03-08 11:00:00,City Center,Car,117,3
1597,2023-03-08 12:00:00,Suburb,Truck,69,2
1598,2023-03-08 13:00:00,Highway,Truck,70,3
1599,2023-03-08 14:00:00,City Center,Car,101,4
1600,2023-03-08 15:00:00,City Center,Bus,111,0
1601,2023-03-08 16:00:00,City Center,Car,47,1
1602,2023-03-08 17:00:00,Highway,Bike,40,1
1603,2023-03-08 18:00:00,Suburb,Car,62,2
1604,2023-03-08 19:00:00,City Center,Truck,97,2
1605,2023-03-08 20:00:00,Suburb,Truck,73,4
1606,2023-03-08 21:00:00,Highway,Car,32,0
1607,2023-03-08 22:00:00,Suburb,Truck,104,3
1608,2023-03-08 23:00:00,Highway,Truck,54,0
1609,2023-03-09 00:00:00,Highway,Truck,88,4
1610,2023-03-09 01:00:00,City Center,Bike,103,3
1611,2023-03-09 02:00:00,City Center,Car,53,0
1612,2023-03-09 03:00:00,City Center,Bike,56,4
1613,2023-03-09 04:00:00,Suburb,Bus,84,1
1614,2023-03-09 05:00:00,City Center,Truck,94,2
1615,2023-03-09 06:00:00,Highway,Truck,53,2
1616,2023-03-09 07:00:00,Highway,Truck,107,3
1617,2023-03-09 08:00:00,Suburb,Car,97,4
1618,2023-03-09 09:00:00,Suburb,Bus,55,2
1619,2023-03-09 10:00:00,City Center,Bike,44,2
1620,2023-03-09 11:00:00,City Center,Bus,24,1
1621,2023-03-09 12:00:00,Suburb,Bike,39,2
1622,2023-03-09 13:00:00,Highway,Bike,77,1
1623,2023-03-09 14:00:00,Suburb,Bus,102,0
1624,2023-03-09 15:00:00,City Center,Truck,113,1
1625,2023-03-09 16:00:00,Highway,Bike,74,3
1626,2023-03-09 17:00:00,Highway,Bike,60,0
1627,2023-03-09 18:00:00,Suburb,Bike,57,0
1628,2023-03-09 19:00:00,Highway,Truck,35,0
1629,2023-03-09 20:00:00,Suburb,Bike,116,2
1630,2023-03-09 21:00:00,Highway,Truck,46,1
1631,2023-03-09 22:00:00,City Center,Bus,84,2
1632,2023-03-09 23:00:00,Suburb,Car,114,3
1633,2023-03-10 00:00:00,Highway,Bus,104,1
1634,2023-03-10 01:00:00,Suburb,Bus,79,2
1635,2023-03-10 02:00:00,Suburb,Bike,118,4
1636,2023-03-10 03:00:00,Suburb,Truck,53,2
1637,2023-03-10 04:00:00,Suburb,Bus,74,1
1638,2023-03-10 05:00:00,City Center,Bike,56,3
1639,2023-03-10 06:00:00,Suburb,Bike,43,2
1640,2023-03-10 07:00:00,Highway,Car,36,0
1641,2023-03-10 08:00:00,Suburb,Truck,27,3
1642,2023-03-10 09:00:00,Suburb,Bike,42,2
1643,2023-03-10 10:00:00,City Center,Truck,77,0
1644,2023-03-10 11:00:00,Suburb,Truck,52,0
1645,2023-03-10 12:00:00,Suburb,Truck,95,3
1646,2023-03-10 13:00:00,City Center,Bike,54,1
1647,2023-03-10 14:00:00,Suburb,Bike,52,0
1648,2023-03-10 15:00:00,Suburb,Car,117,1
1649,2023-03-10 16:00:00,Suburb,Bike,96,2
1650,2023-03-10 17:00:00,Highway,Bike,73,1
1651,2023-03-10 18:00:00,Suburb,Bike,110,1
1652,2023-03-10 19:00:00,Highway,Bus,88,2
1653,2023-03-10 20:00:00,City Center,Car,91,0
1654,2023-03-10 21:00:00,Suburb,Bus,39,2
1655,2023-03-10 22:00:00,Suburb,Bus,21,4
1656,2023-03-10 23:00:00,Highway,Truck,44,3
1657,2023-03-11 00:00:00,Highway,Car,88,1
1658,2023-03-11 01:00:00,Suburb,Bike,53,2
1659,2023-03-11 02:00:00,Suburb,Bus,101,0
1660,2023-03-11 03:00:00,Suburb,Bike,103,1
1661,2023-03-11 04:00:00,Highway,Truck,80,0
1662,2023-03-11 05:00:00,Suburb,Car,35,0
1663,2023-03-11 06:00:00,Suburb,Truck,34,4
1664,2023-03-11 07:00:00,Highway,Car,87,1
1665,2023-03-11 08:00:00,Highway,Bus,109,3
1666,2023-03-11 09:00:00,Highway,Truck,36,4
1667,2023-03-11 10:00:00,Highway,Car,95,4
1668,2023-03-11 11:00:00,Suburb,Car,101,2
1669,2023-03-11 12:00:00,Suburb,Truck,112,0
1670,2023-03-11 13:00:00,Highway,Bike,103,0
1671,2023-03-11 14:00:00,Suburb,Bike,117,2
1672,2023-03-11 15:00:00,Suburb,Bike,100,2
1673,2023-03-11 16:00:00,City Center,Bike,84,1
1674,2023-03-11 17:00:00,City Center,Bike,91,2
1675,2023-03-11 18:00:00,Highway,Bike,65,3
1676,2023-03-11 19:00:00,City Center,Car,96,1
1677,2023-03-11 20:00:00,Suburb,Car,50,0
1678,2023-03-11 21:00:00,City Center,Bus,106,3
1679,2023-03-11 22:00:00,Highway,Bus,33,2
1680,2023-03-11 23:00:00,Highway,Car,50,0
1681,2023-03-12 00:00:00,Highway,Bike,58,4
1682,2023-03-12 01:00:00,Suburb,Car,74,2
1683,2023-03-12 02:00:00,Suburb,Bus,90,0
1684,2023-03-12 03:00:00,Suburb,Truck,36,3
1685,2023-03-12 04:00:00,City Center,Car,68,1
1686,2023-03-12 05:00:00,Highway,Truck,80,2
1687,2023-03-12 06:00:00,Highway,Car,80,0
1688,2023-03-12 07:00:00,Highway,Truck,118,1
1689,2023-03-12 08:00:00,Suburb,Truck,84,3
1690,2023-03-12 09:00:00,Highway,Truck,104,3
1691,2023-03-12 10:00:00,City Center,Car,71,1
1692,2023-03-12 11:00:00,Suburb,Truck,116,3
1693,2023-03-12 12:00:00,Suburb,Car,100,2
1694,2023-03-12 13:00:00,Suburb,Bus,65,2
1695,2023-03-12 14:00:00,Highway,Bike,62,4
1696,2023-03-12 15:00:00,Highway,Car,66,2
1697,2023-03-12 16:00:00,Highway,Bus,108,3
1698,2023-03-12 17:00:00,City Center,Bus,112,3
1699,2023-03-12 18:00:00,Highway,Bus,97,4
1700,2023-03-12 19:00:00,Suburb,Bus,90,4
1701,2023-03-12 20:00:00,City Center,Bike,107,4
1702,2023-03-12 21:00:00,City Center,Car,57,3
1703,2023-03-12 22:00:00,City Center,Truck,84,0
1704,2023-03-12 23:00:00,City Center,Car,68,3
1705,2023-03-13 00:00:00,Suburb,Bus,44,3
1706,2023-03-13 01:00:00,City Center,Bus,24,0
1707,2023-03-13 02:00:00,City Center,Bike,69,3
1708,2023-03-13 03:00:00,Suburb,Bike,73,3
1709,2023-03-13 04:00:00,Highway,Truck,40,4
1710,2023-03-13 05:00:00,Suburb,Car,64,2
1711,2023-03-13 06:00:00,Suburb,Car,44,2
1712,2023-03-13 07:00:00,Highway,Car,30,3
1713,2023-03-13 08:00:00,Highway,Truck,46,1
1714,2023-03-13 09:00:00,City Center,Bus,115,4
1715,2023-03-13 10:00:00,Highway,Truck,60,3
1716,2023-03-13 11:00:00,Suburb,Car,80,3
1717,2023-03-13 12:00:00,City Center,Truck,45,3
1718,2023-03-13 13:00:00,Suburb,Car,107,0
1719,2023-03-13 14:00:00,City Center,Truck,62,3
1720,2023-03-13 15:00:00,Highway,Truck,98,3
1721,2023-03-13 16:00:00,Suburb,Bus,88,3
1722,2023-03-13 17:00:00,Highway,Truck,71,1
1723,2023-03-13 18:00:00,City Center,Bus,25,0
1724,2023-03-13 19:00:00,Highway,Truck,114,0
1725,2023-03-13 20:00:00,Highway,Truck,42,3
1726,2023-03-13 21:00:00,Suburb,Truck,83,4
1727,2023-03-13 22:00:00,City Center,Truck,97,1
1728,2023-03-13 23:00:00,Suburb,Bus,73,2
1729,2023-03-14 00:00:00,Highway,Bus,88,2
1730,2023-03-14 01:00:00,Suburb,Bus,37,2
1731,2023-03-14 02:00:00,City Center,Car,83,4
1732,2023-03-14 03:00:00,City Center,Truck,89,0
1733,2023-03-14 04:00:00,City Center,Car,49,4
1734,2023-03-14 05:00:00,City Center,Bus,47,4
1735,2023-03-14 06:00:00,Suburb,Car,119,3
1736,2023-03-14 07:00:00,City Center,Bus,75,4
1737,2023-03-14 08:00:00,Highway,Bike,39,4
1738,2023-03-14 09:00:00,Highway,Bike,118,4
1739,2023-03-14 10:00:00,Highway,Truck,74,4
1740,2023-03-14 11:00:00,Suburb,Truck,82,4
1741,2023-03-14 12:00:00,Highway,Bike,109,1
1742,2023-03-14 13:00:00,City Center,Car,59,1
1743,2023-03-14 14:00:00,City Center,Bike,64,0
1744,2023-03-14 15:00:00,Suburb,Car,65,3
1745,2023-03-14 16:00:00,Highway,Bike,118,1
1746,2023-03-14 17:00:00,Highway,Bus,68,1
1747,2023-03-14 18:00:00,City Center,Bike,76,3
1748,2023-03-14 19:00:00,Suburb,Truck,20,4
1749,2023-03-14 20:00:00,City Center,Bike,47,1
1750,2023-03-14 21:00:00,Suburb,Bus,83,3
1751,2023-03-14 22:00:00,Suburb,Bus,77,3
1752,2023-03-14 23:00:00,City Center,Car,88,1
1753,2023-03-15 00:00:00,Suburb,Truck,103,1
1754,2023-03-15 01:00:00,Suburb,Bus,50,0
1755,2023-03-15 02:00:00,Highway,Bus,97,1
1756,2023-03-15 03:00:00,City Center,Bike,93,0
1757,2023-03-15 04:00:00,City Center,Bus,109,3
1758,2023-03-15 05:00:00,Suburb,Bus,27,0
1759,2023-03-15 06:00:00,Suburb,Truck,39,4
1760,2023-03-15 07:00:00,City Center,Truck,117,4
1761,2023-03-15 08:00:00,Highway,Bike,109,3
1762,2023-03-15 09:00:00,Suburb,Car,37,1
1763,2023-03-15 10:00:00,City Center,Bike,100,3
1764,2023-03-15 11:00:00,City Center,Truck,42,2
1765,2023-03-15 12:00:00,Suburb,Car,96,1
1766,2023-03-15 13:00:00,City Center,Car,69,3
1767,2023-03-15 14:00:00,Highway,Truck,24,3
1768,2023-03-15 15:00:00,Suburb,Car,58,4
1769,2023-03-15 16:00:00,Suburb,Bike,43,1
1770,2023-03-15 17:00:00,Suburb,Bus,89,1
1771,2023-03-15 18:00:00,City Center,Bus,99,2
1772,2023-03-15 19:00:00,City Center,Car,98,4
1773,2023-03-15 20:00:00,Highway,Bus,116,4
1774,2023-03-15 21:00:00,City Center,Truck,30,4
1775,2023-03-15 22:00:00,City Center,Car,61,3
1776,2023-03-15 23:00:00,Highway,Car,93,4
1777,2023-03-16 00:00:00,City Center,Bus,74,2
1778,2023-03-16 01:00:00,Suburb,Truck,114,1
1779,2023-03-16 02:00:00,City Center,Car,108,1
1780,2023-03-16 03:00:00,Highway,Car,20,0
1781,2023-03-16 04:00:00,City Center,Bike,53,1
1782,2023-03-16 05:00:00,Highway,Bus,55,3
1783,2023-03-16 06:00:00,Highway,Bus,43,3
1784,2023-03-16 07:00:00,Suburb,Car,113,1
1785,2023-03-16 08:00:00,City Center,Bike,113,4
1786,2023-03-16 09:00:00,Highway,Car,115,4
1787,2023-03-16 10:00:00,Suburb,Bus,45,0
1788,2023-03-16 11:00:00,Highway,Truck,32,4
1789,2023-03-16 12:00:00,Highway,Bus,79,1
1790,2023-03-16 13:00:00,City Center,Bike,27,4
1791,2023-03-16 14:00:00,Highway,Bike,23,4
1792,2023-03-16 15:00:00,Suburb,Truck,24,3
1793,2023-03-16 16:00:00,City Center,Bus,110,2
1794,2023-03-16 17:00:00,Highway,Truck,98,2
1795,2023-03-16 18:00:00,City Center,Truck,107,1
1796,2023-03-16 19:00:00,Suburb,Bus,89,1
1797,2023-03-16 20:00:00,Suburb,Truck,79,2
1798,2023-03-16 21:00:00,Highway,Truck,50,4
1799,2023-03-16 22:00:00,City Center,Truck,94,4
1800,2023-03-16 23:00:00,Suburb,Truck,117,2
1801,2023-03-17 00:00:00,City Center,Truck,98,0
1802,2023-03-17 01:00:00,Highway,Car,55,0
1803,2023-03-17 02:00:00,Suburb,Car,58,0
1804,2023-03-17 03:00:00,Suburb,Truck,59,3
1805,2023-03-17 04:00:00,City Center,Car,41,1
1806,2023-03-17 05:00:00,Highway,Bus,87,4
1807,2023-03-17 06:00:00,City Center,Car,84,1
1808,2023-03-17 07:00:00,City Center,Car,102,2
1809,2023-03-17 08:00:00,City Center,Truck,44,1
1810,2023-03-17 09:00:00,Suburb,Bike,46,0
1811,2023-03-17 10:00:00,Suburb,Car,83,1
1812,2023-03-17 11:00:00,Highway,Car,98,3
1813,2023-03-17 12:00:00,Suburb,Bike,97,0
1814,2023-03-17 13:00:00,City Center,Truck,66,4
1815,2023-03-17 14:00:00,City Center,Truck,34,4
1816,2023-03-17 15:00:00,City Center,Bus,23,3
1817,2023-03-17 16:00:00,City Center,Truck,37,3
1818,2023-03-17 17:00:00,City Center,Truck,103,0
1819,2023-03-17 18:00:00,Suburb,Bus,80,3
1820,2023-03-17 19:00:00,City Center,Bike,76,0
1821,2023-03-17 20:00:00,Suburb,Car,69,2
1822,2023-03-17 21:00:00,Highway,Truck,101,1
1823,2023-03-17 22:00:00,Highway,Bus,33,1
1824,2023-03-17 23:00:00,City Center,Bus,45,0
1825,2023-03-18 00:00:00,Suburb,Bike,88,2
1826,2023-03-18 01:00:00,Highway,Bus,68,2
1827,2023-03-18 02:00:00,Suburb,Truck,77,0
1828,2023-03-18 03:00:00,City Center,Bike,66,0
1829,2023-03-18 04:00:00,Suburb,Bus,81,2
1830,2023-03-18 05:00:00,Highway,Car,88,4
1831,2023-03-18 06:00:00,Suburb,Bus,49,3
1832,2023-03-18 07:00:00,Suburb,Truck,113,4
1833,2023-03-18 08:00:00,Highway,Car,60,4
1834,2023-03-18 09:00:00,Highway,Bus,115,4
1835,2023-03-18 10:00:00,Suburb,Bike,28,0
1836,2023-03-18 11:00:00,Suburb,Truck,25,0
1837,2023-03-18 12:00:00,City Center,Truck,105,0
1838,2023-03-18 13:00:00,Suburb,Bike,42,1
1839,2023-03-18 14:00:00,Suburb,Car,82,1
1840,2023-03-18 15:00:00,Suburb,Truck,107,4
1841,2023-03-18 16:00:00,City Center,Truck,60,0
1842,2023-03-18 17:00:00,Suburb,Car,34,3
1843,2023-03-18 18:00:00,Suburb,Truck,62,4
1844,2023-03-18 19:00:00,Highway,Bike,61,2
1845,2023-03-18 20:00:00,Suburb,Truck,52,4
1846,2023-03-18 21:00:00,Suburb,Bus,66,1
1847,2023-03-18 22:00:00,City Center,Truck,27,3
1848,2023-03-18 23:00:00,City Center,Bus,57,4
1849,2023-03-19 00:00:00,Highway,Bike,110,4
1850,2023-03-19 01:00:00,Highway,Car,114,4
1851,2023-03-19 02:00:00,City Center,Bus,91,4
1852,2023-03-19 03:00:00,Highway,Truck,54,0
1853,2023-03-19 04:00:00,Highway,Truck,105,4
1854,2023-03-19 05:00:00,Highway,Truck,75,0
1855,2023-03-19 06:00:00,Highway,Truck,95,0
1856,2023-03-19 07:00:00,Suburb,Truck,87,0
1857,2023-03-19 08:00:00,City Center,Bus,43,4
1858,2023-03-19 09:00:00,Highway,Bike,21,0
1859,2023-03-19 10:00:00,Highway,Truck,37,3
1860,2023-03-19 11:00:00,Suburb,Bus,117,0
1861,2023-03-19 12:00:00,City Center,Truck,31,0
1862,2023-03-19 13:00:00,Suburb,Truck,114,1
1863,2023-03-19 14:00:00,Suburb,Bike,38,0
1864,2023-03-19 15:00:00,City Center,Bus,71,3
1865,2023-03-19 16:00:00,City Center,Truck,72,0
1866,2023-03-19 17:00:00,Suburb,Car,99,0
1867,2023-03-19 18:00:00,Suburb,Car,114,3
1868,2023-03-19 19:00:00,City Center,Bus,25,4
1869,2023-03-19 20:00:00,Highway,Bus,103,3
1870,2023-03-19 21:00:00,City Center,Bike,106,1
1871,2023-03-19 22:00:00,Highway,Bike,38,4
1872,2023-03-19 23:00:00,Highway,Bike,99,4
1873,2023-03-20 00:00:00,Suburb,Car,90,2
1874,2023-03-20 01:00:00,City Center,Bike,80,0
1875,2023-03-20 02:00:00,Highway,Bus,110,0
1876,2023-03-20 03:00:00,Highway,Truck,38,3
1877,2023-03-20 04:00:00,City Center,Bike,50,3
1878,2023-03-20 05:00:00,Highway,Bike,68,0
1879,2023-03-20 06:00:00,City Center,Car,80,2
1880,2023-03-20 07:00:00,Highway,Bus,29,4
1881,2023-03-20 08:00:00,Suburb,Bus,30,0
1882,2023-03-20 09:00:00,City Center,Truck,35,4
1883,2023-03-20 10:00:00,Suburb,Car,22,4
1884,2023-03-20 11:00:00,Suburb,Bus,61,3
1885,2023-03-20 12:00:00,Suburb,Bike,115,2
1886,2023-03-20 13:00:00,City Center,Truck,23,4
1887,2023-03-20 14:00:00,Suburb,Bike,32,4
1888,2023-03-20 15:00:00,Highway,Truck,58,3
1889,2023-03-20 16:00:00,Suburb,Truck,43,1
1890,2023-03-20 17:00:00,Suburb,Bus,115,0
1891,2023-03-20 18:00:00,Suburb,Truck,22,4
1892,2023-03-20 19:00:00,City Center,Bike,88,0
1893,2023-03-20 20:00:00,City Center,Car,81,3
1894,2023-03-20 21:00:00,Highway,Car,94,2
1895,2023-03-20 22:00:00,City Center,Truck,88,4
1896,2023-03-20 23:00:00,Highway,Car,54,3
1897,2023-03-21 00:00:00,Highway,Truck,64,4
1898,2023-03-21 01:00:00,City Center,Bike,54,4
1899,2023-03-21 02:00:00,Highway,Car,46,4
1900,2023-03-21 03:00:00,Suburb,Truck,66,3
1901,2023-03-21 04:00:00,Suburb,Bus,111,2
1902,2023-03-21 05:00:00,Suburb,Bike,91,1
1903,2023-03-21 06:00:00,Highway,Car,43,4
1904,2023-03-21 07:00:00,City Center,Bike,91,4
1905,2023-03-21 08:00:00,Suburb,Bike,46,2
1906,2023-03-21 09:00:00,Suburb,Bike,64,3
1907,2023-03-21 10:00:00,Suburb,Bus,71,2
1908,2023-03-21 11:00:00,Suburb,Car,23,4
1909,2023-03-21 12:00:00,City Center,Bus,88,2
1910,2023-03-21 13:00:00,City Center,Truck,99,3
1911,2023-03-21 14:00:00,City Center,Bus,56,0
1912,2023-03-21 15:00:00,Highway,Bike,72,3
1913,2023-03-21 16:00:00,Highway,Bus,61,3
1914,2023-03-21 17:00:00,Highway,Car,111,1
1915,2023-03-21 18:00:00,Suburb,Bus,100,2
1916,2023-03-21 19:00:00,Highway,Bus,67,0
1917,2023-03-21 20:00:00,Suburb,Truck,26,4
1918,2023-03-21 21:00:00,Highway,Truck,66,4
1919,2023-03-21 22:00:00,Suburb,Bus,36,3
1920,2023-03-21 23:00:00,Suburb,Car,95,0
1921,2023-03-22 00:00:00,City Center,Bus,40,2
1922,2023-03-22 01:00:00,Highway,Car,60,4
1923,2023-03-22 02:00:00,City Center,Bus,31,0
1924,2023-03-22 03:00:00,Highway,Car,36,0
1925,2023-03-22 04:00:00,City Center,Car,42,3
1926,2023-03-22 05:00:00,Highway,Truck,70,4
1927,2023-03-22 06:00:00,Suburb,Bike,115,3
1928,2023-03-22 07:00:00,Highway,Bike,33,0
1929,2023-03-22 08:00:00,City Center,Bus,83,1
1930,2023-03-22 09:00:00,City Center,Bike,33,0
1931,2023-03-22 10:00:00,Highway,Car,48,4
1932,2023-03-22 11:00:00,City Center,Bike,36,2
1933,2023-03-22 12:00:00,Suburb,Truck,36,3
1934,2023-03-22 13:00:00,City Center,Bike,42,1
1935,2023-03-22 14:00:00,City Center,Truck,56,3
1936,2023-03-22 15:00:00,City Center,Bus,63,4
1937,2023-03-22 16:00:00,Suburb,Car,33,3
1938,2023-03-22 17:00:00,City Center,Bike,102,0
1939,2023-03-22 18:00:00,Highway,Bus,88,4
1940,2023-03-22 19:00:00,Suburb,Truck,91,2
1941,2023-03-22 20:00:00,City Center,Car,54,4
1942,2023-03-22 21:00:00,City Center,Bus,73,2
1943,2023-03-22 22:00:00,Highway,Bike,35,4
1944,2023-03-22 23:00:00,City Center,Bus,65,2
1945,2023-03-23 00:00:00,Suburb,Bus,22,4
1946,2023-03-23 01:00:00,Highway,Car,40,2
1947,2023-03-23 02:00:00,Suburb,Truck,69,4
1948,2023-03-23 03:00:00,Highway,Bus,115,0
1949,2023-03-23 04:00:00,Highway,Truck,86,4
1950,2023-03-23 05:00:00,Suburb,Bus,110,2
1951,2023-03-23 06:00:00,Highway,Bus,52,2
1952,2023-03-23 07:00:00,Highway,Bus,101,1
1953,2023-03-23 08:00:00,Highway,Bus,96,3
1954,2023-03-23 09:00:00,City Center,Bus,84,2
1955,2023-03-23 10:00:00,Highway,Car,57,4
1956,2023-03-23 11:00:00,Highway,Bike,110,3
1957,2023-03-23 12:00:00,City Center,Car,106,1
1958,2023-03-23 13:00:00,City Center,Bike,92,1
1959,2023-03-23 14:00:00,Suburb,Bus,85,4
1960,2023-03-23 15:00:00,City Center,Bus,103,4
1961,2023-03-23 16:00:00,Highway,Truck,83,4
1962,2023-03-23 17:00:00,Suburb,Car,81,3
1963,2023-03-23 18:00:00,City Center,Bus,109,2
1964,2023-03-23 19:00:00,City Center,Truck,22,0
1965,2023-03-23 20:00:00,Highway,Car,70,2
1966,2023-03-23 21:00:00,City Center,Car,104,2
1967,2023-03-23 22:00:00,Suburb,Truck,32,4
1968,2023-03-23 23:00:00,City Center,Car,32,1
1969,2023-03-24 00:00:00,City Center,Bike,67,1
1970,2023-03-24 01:00:00,Suburb,Bike,73,2
1971,2023-03-24 02:00:00,City Center,Car,60,1
1972,2023-03-24 03:00:00,Highway,Bike,102,1
1973,2023-03-24 04:00:00,City Center,Bike,68,4
1974,2023-03-24 05:00:00,City Center,Bike,113,2
1975,2023-03-24 06:00:00,City Center,Car,76,0
1976,2023-03-24 07:00:00,Suburb,Bike,34,3
1977,2023-03-24 08:00:00,Suburb,Bike,55,4
1978,2023-03-24 09:00:00,Highway,Bike,21,2
1979,2023-03-24 10:00:00,Suburb,Bus,93,2
1980,2023-03-24 11:00:00,City Center,Bike,53,0
1981,2023-03-24 12:00:00,Suburb,Car,65,1
1982,2023-03-24 13:00:00,Highway,Truck,70,1
1983,2023-03-24 14:00:00,Suburb,Bike,66,0
1984,2023-03-24 15:00:00,City Center,Bike,58,0
1985,2023-03-24 16:00:00,Suburb,Bike,60,0
1986,2023-03-24 17:00:00,Suburb,Truck,78,1
1987,2023-03-24 18:00:00,City Center,Truck,85,3
1988,2023-03-24 19:00:00,Suburb,Bike,73,0
1989,2023-03-24 20:00:00,Suburb,Truck,111,0
1990,2023-03-24 21:00:00,City Center,Car,84,3
1991,2023-03-24 22:00:00,Suburb,Car,38,3
1992,2023-03-24 23:00:00,Suburb,Bike,46,2
1993,2023-03-25 00:00:00,Highway,Bike,58,2
1994,2023-03-25 01:00:00,City Center,Bike,26,1
1995,2023-03-25 02:00:00,Suburb,Bus,33,0
1996,2023-03-25 03:00:00,Highway,Truck,100,3
1997,2023-03-25 04:00:00,Suburb,Bus,46,2
1998,2023-03-25 05:00:00,City Center,Car,54,1
1999,2023-03-25 06:00:00,Suburb,Bike,87,3
2000,2023-03-25 07:00:00,Highway,Bike,53,4
