Record ID,Date,City,Temperature (C),Humidity (%),Rainfall (mm)
1,2023-01-01,Chennai,39,67,32
2,2023-01-02,Delhi,23,86,179
3,2023-01-03,Mumbai,22,60,66
4,2023-01-04,Mumbai,31,74,117
5,2023-01-05,Mumbai,17,32,110
6,2023-01-06,Kolkata,24,33,59
7,2023-01-07,Delhi,17,82,153
8,2023-01-08,Chennai,17,20,170
9,2023-01-09,Delhi,25,67,125
10,2023-01-10,Chennai,12,80,124
11,2023-01-11,Delhi,17,40,45
12,2023-01-12,Mumbai,44,58,34
13,2023-01-13,Mumbai,11,50,103
14,2023-01-14,Delhi,24,88,122
15,2023-01-15,Mumbai,25,73,169
16,2023-01-16,Chennai,11,84,133
17,2023-01-17,Kolkata,20,31,133
18,2023-01-18,Chennai,42,27,73
19,2023-01-19,Delhi,26,73,48
20,2023-01-20,Mumbai,11,74,68
21,2023-01-21,Mumbai,34,27,162
22,2023-01-22,Mumbai,43,48,41
23,2023-01-23,Chennai,27,60,160
24,2023-01-24,Mumbai,26,84,31
25,2023-01-25,Kolkata,27,42,185
26,2023-01-26,Chennai,36,36,89
27,2023-01-27,Kolkata,30,85,47
28,2023-01-28,Kolkata,30,38,38
29,2023-01-29,Kolkata,37,28,159
30,2023-01-30,Mumbai,33,31,122
31,2023-01-31,Delhi,16,29,13
32,2023-02-01,Mumbai,11,47,56
33,2023-02-02,Chennai,44,63,73
34,2023-02-03,Delhi,36,87,151
35,2023-02-04,Mumbai,32,88,184
36,2023-02-05,Mumbai,39,70,55
37,2023-02-06,Chennai,36,55,3
38,2023-02-07,Chennai,31,48,136
39,2023-02-08,Kolkata,39,57,48
40,2023-02-09,Mumbai,17,38,103
41,2023-02-10,Kolkata,20,30,158
42,2023-02-11,Kolkata,19,33,181
43,2023-02-12,Kolkata,37,58,166
44,2023-02-13,Mumbai,33,44,130
45,2023-02-14,Mumbai,18,20,16
46,2023-02-15,Mumbai,22,88,198
47,2023-02-16,Kolkata,24,23,119
48,2023-02-17,Mumbai,32,35,174
49,2023-02-18,Chennai,29,67,124
50,2023-02-19,Chennai,18,39,75
51,2023-02-20,Delhi,18,27,164
52,2023-02-21,Chennai,41,55,75
53,2023-02-22,Chennai,17,84,4
54,2023-02-23,Chennai,44,64,192
55,2023-02-24,Kolkata,22,86,19
56,2023-02-25,Chennai,26,31,105
57,2023-02-26,Delhi,21,33,101
58,2023-02-27,Mumbai,18,42,14
59,2023-02-28,Mumbai,19,59,87
60,2023-03-01,Delhi,16,28,121
61,2023-03-02,Delhi,43,27,86
62,2023-03-03,Delhi,34,77,6
63,2023-03-04,Chennai,15,78,108
64,2023-03-05,Chennai,17,69,198
65,2023-03-06,Kolkata,11,78,45
66,2023-03-07,Delhi,32,56,147
67,2023-03-08,Chennai,35,25,89
68,2023-03-09,Mumbai,27,25,115
69,2023-03-10,Kolkata,13,71,178
70,2023-03-11,Kolkata,33,44,31
71,2023-03-12,Chennai,14,59,173
72,2023-03-13,Chennai,13,58,117
73,2023-03-14,Delhi,20,22,20
74,2023-03-15,Chennai,41,64,58
75,2023-03-16,Delhi,17,42,199
76,2023-03-17,Mumbai,31,56,131
77,2023-03-18,Delhi,27,28,93
78,2023-03-19,Kolkata,43,55,62
79,2023-03-20,Chennai,37,38,140
80,2023-03-21,Delhi,29,39,86
81,2023-03-22,Mumbai,34,50,123
82,2023-03-23,Chennai,37,49,195
83,2023-03-24,Kolkata,21,47,88
84,2023-03-25,Kolkata,16,86,174
85,2023-03-26,Kolkata,38,21,20
86,2023-03-27,Kolkata,11,87,155
87,2023-03-28,Kolkata,26,73,86
88,2023-03-29,Chennai,31,45,163
89,2023-03-30,Kolkata,42,75,17
90,2023-03-31,Kolkata,27,25,43
91,2023-04-01,Mumbai,36,81,16
92,2023-04-02,Kolkata,10,57,175
93,2023-04-03,Chennai,21,64,89
94,2023-04-04,Delhi,21,42,159
95,2023-04-05,Mumbai,23,49,144
96,2023-04-06,Kolkata,21,58,120
97,2023-04-07,Chennai,17,57,68
98,2023-04-08,Kolkata,39,84,1
99,2023-04-09,Mumbai,30,49,147
100,2023-04-10,Kolkata,38,48,72
101,2023-04-11,Kolkata,16,33,140
102,2023-04-12,Kolkata,17,88,124
103,2023-04-13,Chennai,11,45,167
104,2023-04-14,Chennai,14,32,105
105,2023-04-15,Delhi,22,58,37
106,2023-04-16,Mumbai,13,46,95
107,2023-04-17,Delhi,19,61,77
108,2023-04-18,Delhi,36,77,103
109,2023-04-19,Kolkata,31,55,27
110,2023-04-20,Kolkata,28,46,99
111,2023-04-21,Mumbai,17,83,127
112,2023-04-22,Chennai,36,68,198
113,2023-04-23,Delhi,33,51,124
114,2023-04-24,Chennai,26,28,43
115,2023-04-25,Mumbai,32,46,24
116,2023-04-26,Delhi,24,23,192
117,2023-04-27,Delhi,26,43,53
118,2023-04-28,Kolkata,14,46,44
119,2023-04-29,Chennai,21,61,6
120,2023-04-30,Kolkata,26,70,103
121,2023-05-01,Delhi,35,49,137
122,2023-05-02,Kolkata,15,24,159
123,2023-05-03,Chennai,38,69,163
124,2023-05-04,Delhi,43,78,193
125,2023-05-05,Mumbai,38,88,138
126,2023-05-06,Kolkata,36,86,142
127,2023-05-07,Chennai,43,22,166
128,2023-05-08,Chennai,23,51,129
129,2023-05-09,Chennai,39,54,168
130,2023-05-10,Chennai,20,32,182
131,2023-05-11,Kolkata,43,88,167
132,2023-05-12,Delhi,20,21,1
133,2023-05-13,Delhi,11,78,14
134,2023-05-14,Chennai,35,84,160
135,2023-05-15,Mumbai,33,88,72
136,2023-05-16,Kolkata,11,47,15
137,2023-05-17,Chennai,22,49,81
138,2023-05-18,Chennai,26,35,19
139,2023-05-19,Chennai,20,64,40
140,2023-05-20,Kolkata,22,66,187
141,2023-05-21,Delhi,26,62,59
142,2023-05-22,Delhi,42,66,173
143,2023-05-23,Mumbai,33,30,35
144,2023-05-24,Chennai,31,38,134
145,2023-05-25,Delhi,25,61,181
146,2023-05-26,Chennai,17,61,129
147,2023-05-27,Chennai,15,77,130
148,2023-05-28,Delhi,33,83,4
149,2023-05-29,Chennai,28,76,27
150,2023-05-30,Delhi,11,49,169
151,2023-05-31,Mumbai,42,49,178
152,2023-06-01,Delhi,43,74,18
153,2023-06-02,Chennai,21,38,28
154,2023-06-03,Kolkata,24,44,85
155,2023-06-04,Mumbai,28,46,175
156,2023-06-05,Mumbai,20,60,9
157,2023-06-06,Kolkata,44,88,36
158,2023-06-07,Kolkata,28,68,180
159,2023-06-08,Kolkata,16,46,3
160,2023-06-09,Chennai,14,29,72
161,2023-06-10,Chennai,12,87,175
162,2023-06-11,Delhi,33,47,167
163,2023-06-12,Kolkata,23,58,24
164,2023-06-13,Mumbai,24,84,87
165,2023-06-14,Mumbai,22,68,121
166,2023-06-15,Kolkata,11,77,196
167,2023-06-16,Delhi,10,70,117
168,2023-06-17,Delhi,34,26,14
169,2023-06-18,Mumbai,26,76,166
170,2023-06-19,Mumbai,38,37,112
171,2023-06-20,Chennai,35,26,23
172,2023-06-21,Mumbai,16,24,66
173,2023-06-22,Mumbai,24,49,80
174,2023-06-23,Delhi,23,56,86
175,2023-06-24,Delhi,17,64,120
176,2023-06-25,Delhi,33,54,65
177,2023-06-26,Delhi,20,72,50
178,2023-06-27,Delhi,22,65,182
179,2023-06-28,Kolkata,24,29,89
180,2023-06-29,Chennai,37,35,106
181,2023-06-30,Delhi,38,38,31
182,2023-07-01,Mumbai,15,23,26
183,2023-07-02,Delhi,26,85,161
184,2023-07-03,Delhi,31,71,148
185,2023-07-04,Chennai,12,56,24
186,2023-07-05,Mumbai,25,24,106
187,2023-07-06,Kolkata,39,60,142
188,2023-07-07,Mumbai,13,34,70
189,2023-07-08,Mumbai,43,74,85
190,2023-07-09,Delhi,28,58,178
191,2023-07-10,Kolkata,27,21,126
192,2023-07-11,Kolkata,24,57,88
193,2023-07-12,Mumbai,35,58,50
194,2023-07-13,Kolkata,12,71,185
195,2023-07-14,Kolkata,32,53,128
196,2023-07-15,Delhi,33,58,64
197,2023-07-16,Chennai,23,26,15
198,2023-07-17,Kolkata,13,28,191
199,2023-07-18,Chennai,32,21,84
200,2023-07-19,Chennai,20,37,195
201,2023-07-20,Chennai,32,82,9
202,2023-07-21,Kolkata,30,57,130
203,2023-07-22,Mumbai,30,32,184
204,2023-07-23,Kolkata,11,70,176
205,2023-07-24,Delhi,27,24,51
206,2023-07-25,Delhi,28,43,85
207,2023-07-26,Chennai,40,42,134
208,2023-07-27,Kolkata,27,67,139
209,2023-07-28,Chennai,34,84,129
210,2023-07-29,Delhi,28,70,19
211,2023-07-30,Mumbai,41,62,166
212,2023-07-31,Mumbai,30,69,177
213,2023-08-01,Kolkata,22,21,20
214,2023-08-02,Chennai,29,88,186
215,2023-08-03,Chennai,35,28,91
216,2023-08-04,Delhi,30,63,26
217,2023-08-05,Delhi,35,71,144
218,2023-08-06,Delhi,30,49,141
219,2023-08-07,Kolkata,40,29,103
220,2023-08-08,Delhi,39,58,2
221,2023-08-09,Chennai,21,53,75
222,2023-08-10,Delhi,43,79,161
223,2023-08-11,Kolkata,24,68,29
224,2023-08-12,Mumbai,41,33,174
225,2023-08-13,Delhi,30,32,11
226,2023-08-14,Mumbai,36,65,63
227,2023-08-15,Chennai,35,81,38
228,2023-08-16,Delhi,33,53,141
229,2023-08-17,Delhi,23,67,184
230,2023-08-18,Kolkata,13,21,101
231,2023-08-19,Chennai,35,24,42
232,2023-08-20,Kolkata,26,74,46
233,2023-08-21,Mumbai,38,64,119
234,2023-08-22,Kolkata,28,47,38
235,2023-08-23,Mumbai,35,46,43
236,2023-08-24,Kolkata,35,27,155
237,2023-08-25,Chennai,31,39,120
238,2023-08-26,Kolkata,19,41,105
239,2023-08-27,Mumbai,37,54,159
240,2023-08-28,Kolkata,41,55,184
241,2023-08-29,Kolkata,14,59,199
242,2023-08-30,Delhi,12,83,122
243,2023-08-31,Kolkata,34,27,3
244,2023-09-01,Mumbai,41,49,178
245,2023-09-02,Kolkata,41,82,135
246,2023-09-03,Delhi,26,69,106
247,2023-09-04,Kolkata,32,23,153
248,2023-09-05,Delhi,41,64,41
249,2023-09-06,Kolkata,44,83,39
250,2023-09-07,Chennai,27,26,122
251,2023-09-08,Mumbai,29,24,142
252,2023-09-09,Mumbai,23,63,187
253,2023-09-10,Mumbai,11,45,146
254,2023-09-11,Chennai,23,79,64
255,2023-09-12,Chennai,27,42,122
256,2023-09-13,Delhi,12,41,37
257,2023-09-14,Delhi,17,46,174
258,2023-09-15,Kolkata,23,68,8
259,2023-09-16,Delhi,16,71,44
260,2023-09-17,Delhi,43,53,25
261,2023-09-18,Mumbai,35,29,106
262,2023-09-19,Mumbai,44,57,20
263,2023-09-20,Kolkata,24,40,77
264,2023-09-21,Delhi,16,41,180
265,2023-09-22,Chennai,26,42,125
266,2023-09-23,Kolkata,33,46,99
267,2023-09-24,Chennai,34,50,12
268,2023-09-25,Delhi,28,21,120
269,2023-09-26,Mumbai,40,45,185
270,2023-09-27,Mumbai,37,22,98
271,2023-09-28,Mumbai,16,59,184
272,2023-09-29,Kolkata,41,56,70
273,2023-09-30,Delhi,31,37,175
274,2023-10-01,Mumbai,42,47,145
275,2023-10-02,Delhi,24,76,197
276,2023-10-03,Delhi,32,78,115
277,2023-10-04,Delhi,16,52,34
278,2023-10-05,Mumbai,41,20,2
279,2023-10-06,Delhi,10,47,53
280,2023-10-07,Delhi,29,40,33
281,2023-10-08,Mumbai,40,55,160
282,2023-10-09,Kolkata,24,43,24
283,2023-10-10,Delhi,19,53,161
284,2023-10-11,Kolkata,37,81,22
285,2023-10-12,Mumbai,42,24,151
286,2023-10-13,Delhi,24,74,37
287,2023-10-14,Mumbai,39,82,10
288,2023-10-15,Chennai,18,31,26
289,2023-10-16,Mumbai,35,71,16
290,2023-10-17,Mumbai,25,49,197
291,2023-10-18,Mumbai,15,52,47
292,2023-10-19,Kolkata,39,35,193
293,2023-10-20,Delhi,43,74,134
294,2023-10-21,Mumbai,31,79,11
295,2023-10-22,Kolkata,37,77,33
296,2023-10-23,Chennai,28,81,91
297,2023-10-24,Kolkata,33,46,67
298,2023-10-25,Chennai,36,41,103
299,2023-10-26,Chennai,27,65,15
300,2023-10-27,Kolkata,42,26,39
301,2023-10-28,Delhi,41,69,142
302,2023-10-29,Chennai,22,66,100
303,2023-10-30,Chennai,42,48,184
304,2023-10-31,Chennai,31,38,150
305,2023-11-01,Chennai,26,21,191
306,2023-11-02,Delhi,40,36,100
307,2023-11-03,Kolkata,42,46,143
308,2023-11-04,Kolkata,36,76,171
309,2023-11-05,Delhi,35,83,152
310,2023-11-06,Delhi,35,64,99
311,2023-11-07,Chennai,24,37,40
312,2023-11-08,Delhi,39,62,101
313,2023-11-09,Kolkata,39,74,52
314,2023-11-10,Chennai,18,60,154
315,2023-11-11,Mumbai,30,23,119
316,2023-11-12,Chennai,41,62,190
317,2023-11-13,Delhi,20,29,1
318,2023-11-14,Mumbai,41,44,32
319,2023-11-15,Delhi,42,39,192
320,2023-11-16,Kolkata,23,73,4
321,2023-11-17,Kolkata,17,75,11
322,2023-11-18,Kolkata,20,63,180
323,2023-11-19,Delhi,44,32,135
324,2023-11-20,Kolkata,15,81,45
325,2023-11-21,Mumbai,21,32,103
326,2023-11-22,Mumbai,21,48,72
327,2023-11-23,Mumbai,43,37,112
328,2023-11-24,Chennai,20,86,115
329,2023-11-25,Mumbai,28,24,118
330,2023-11-26,Delhi,21,45,98
331,2023-11-27,Delhi,28,31,128
332,2023-11-28,Kolkata,44,66,171
333,2023-11-29,Kolkata,10,63,21
334,2023-11-30,Mumbai,24,40,19
335,2023-12-01,Mumbai,10,68,151
336,2023-12-02,Mumbai,15,24,174
337,2023-12-03,Kolkata,17,85,138
338,2023-12-04,Mumbai,41,42,166
339,2023-12-05,Delhi,26,37,37
340,2023-12-06,Kolkata,30,89,178
341,2023-12-07,Chennai,44,52,187
342,2023-12-08,Mumbai,39,60,67
343,2023-12-09,Kolkata,32,81,65
344,2023-12-10,Delhi,18,33,88
345,2023-12-11,Chennai,41,23,66
346,2023-12-12,Kolkata,35,43,38
347,2023-12-13,Mumbai,36,35,101
348,2023-12-14,Delhi,28,23,150
349,2023-12-15,Chennai,18,60,57
350,2023-12-16,Kolkata,33,41,33
351,2023-12-17,Delhi,22,87,111
352,2023-12-18,Mumbai,18,32,30
353,2023-12-19,Chennai,43,61,156
354,2023-12-20,Chennai,10,87,6
355,2023-12-21,Mumbai,23,87,71
356,2023-12-22,Delhi,41,83,84
357,2023-12-23,Mumbai,42,23,154
358,2023-12-24,Chennai,27,33,95
359,2023-12-25,Kolkata,39,56,67
360,2023-12-26,Kolkata,26,20,122
361,2023-12-27,Mumbai,34,32,155
362,2023-12-28,Mumbai,18,57,2
363,2023-12-29,Chennai,25,62,18
364,2023-12-30,Mumbai,15,85,72
365,2023-12-31,Delhi,18,32,115
366,2024-01-01,Kolkata,41,32,59
367,2024-01-02,Delhi,27,88,98
368,2024-01-03,Mumbai,32,44,42
369,2024-01-04,Delhi,37,44,112
370,2024-01-05,Delhi,34,30,148
371,2024-01-06,Kolkata,17,60,59
372,2024-01-07,Delhi,16,34,84
373,2024-01-08,Chennai,25,61,27
374,2024-01-09,Delhi,35,38,153
375,2024-01-10,Chennai,22,88,199
376,2024-01-11,Mumbai,16,62,73
377,2024-01-12,Mumbai,11,65,40
378,2024-01-13,Delhi,21,44,150
379,2024-01-14,Mumbai,25,49,18
380,2024-01-15,Mumbai,30,54,182
381,2024-01-16,Mumbai,19,43,195
382,2024-01-17,Kolkata,17,41,54
383,2024-01-18,Kolkata,42,42,48
384,2024-01-19,Chennai,32,82,30
385,2024-01-20,Chennai,42,59,198
386,2024-01-21,Kolkata,17,38,157
387,2024-01-22,Kolkata,25,33,181
388,2024-01-23,Kolkata,25,22,116
389,2024-01-24,Delhi,15,81,47
390,2024-01-25,Mumbai,22,20,53
391,2024-01-26,Kolkata,38,41,138
392,2024-01-27,Kolkata,11,40,157
393,2024-01-28,Delhi,27,28,71
394,2024-01-29,Mumbai,10,52,84
395,2024-01-30,Delhi,40,67,73
396,2024-01-31,Chennai,28,50,96
397,2024-02-01,Delhi,13,70,33
398,2024-02-02,Kolkata,43,52,33
399,2024-02-03,Kolkata,11,29,88
400,2024-02-04,Kolkata,25,52,41
401,2024-02-05,Delhi,15,53,7
402,2024-02-06,Mumbai,15,58,60
403,2024-02-07,Mumbai,14,43,82
404,2024-02-08,Delhi,44,56,174
405,2024-02-09,Mumbai,30,57,158
406,2024-02-10,Chennai,14,44,194
407,2024-02-11,Delhi,18,69,57
408,2024-02-12,Chennai,18,42,75
409,2024-02-13,Kolkata,15,87,27
410,2024-02-14,Delhi,11,60,119
411,2024-02-15,Mumbai,14,29,83
412,2024-02-16,Mumbai,44,85,120
413,2024-02-17,Chennai,33,40,165
414,2024-02-18,Mumbai,35,78,193
415,2024-02-19,Chennai,12,85,188
416,2024-02-20,Kolkata,26,89,179
417,2024-02-21,Mumbai,23,35,76
418,2024-02-22,Mumbai,40,35,60
419,2024-02-23,Chennai,34,89,179
420,2024-02-24,Mumbai,14,79,180
421,2024-02-25,Delhi,37,21,151
422,2024-02-26,Chennai,38,34,117
423,2024-02-27,Mumbai,17,77,51
424,2024-02-28,Kolkata,13,53,111
425,2024-02-29,Delhi,35,74,84
426,2024-03-01,Mumbai,27,30,88
427,2024-03-02,Delhi,31,71,12
428,2024-03-03,Chennai,39,51,179
429,2024-03-04,Kolkata,17,27,180
430,2024-03-05,Chennai,38,55,183
431,2024-03-06,Mumbai,10,78,189
432,2024-03-07,Mumbai,34,70,26
433,2024-03-08,Mumbai,43,84,94
434,2024-03-09,Delhi,12,22,128
435,2024-03-10,Mumbai,39,80,79
436,2024-03-11,Mumbai,41,45,155
437,2024-03-12,Delhi,34,72,32
438,2024-03-13,Kolkata,18,27,175
439,2024-03-14,Chennai,18,39,145
440,2024-03-15,Chennai,44,77,165
441,2024-03-16,Mumbai,20,30,125
442,2024-03-17,Chennai,13,66,166
443,2024-03-18,Chennai,20,27,32
444,2024-03-19,Delhi,43,20,33
445,2024-03-20,Chennai,17,75,26
446,2024-03-21,Delhi,17,36,110
447,2024-03-22,Kolkata,14,53,61
448,2024-03-23,Kolkata,14,76,185
449,2024-03-24,Kolkata,25,51,93
450,2024-03-25,Delhi,33,66,11
451,2024-03-26,Mumbai,29,33,38
452,2024-03-27,Kolkata,32,84,199
453,2024-03-28,Kolkata,33,75,15
454,2024-03-29,Chennai,44,51,58
455,2024-03-30,Mumbai,35,63,125
456,2024-03-31,Kolkata,36,47,61
457,2024-04-01,Kolkata,40,68,41
458,2024-04-02,Mumbai,17,58,65
459,2024-04-03,Chennai,11,31,49
460,2024-04-04,Chennai,29,66,57
461,2024-04-05,Delhi,22,35,198
462,2024-04-06,Mumbai,39,31,174
463,2024-04-07,Mumbai,44,32,49
464,2024-04-08,Kolkata,21,64,61
465,2024-04-09,Kolkata,41,53,20
466,2024-04-10,Kolkata,10,30,18
467,2024-04-11,Kolkata,28,46,128
468,2024-04-12,Chennai,38,53,161
469,2024-04-13,Chennai,19,45,38
470,2024-04-14,Chennai,19,48,117
471,2024-04-15,Kolkata,12,27,59
472,2024-04-16,Mumbai,15,79,188
473,2024-04-17,Delhi,13,20,3
474,2024-04-18,Chennai,10,36,57
475,2024-04-19,Chennai,38,88,104
476,2024-04-20,Delhi,24,65,4
477,2024-04-21,Chennai,38,66,90
478,2024-04-22,Mumbai,27,87,0
479,2024-04-23,Chennai,23,41,162
480,2024-04-24,Kolkata,41,32,186
481,2024-04-25,Kolkata,21,88,26
482,2024-04-26,Mumbai,35,75,162
483,2024-04-27,Kolkata,44,83,15
484,2024-04-28,Kolkata,25,89,47
485,2024-04-29,Chennai,26,51,124
486,2024-04-30,Mumbai,28,41,107
487,2024-05-01,Mumbai,22,82,71
488,2024-05-02,Kolkata,26,48,155
489,2024-05-03,Chennai,30,82,78
490,2024-05-04,Chennai,39,32,165
491,2024-05-05,Mumbai,43,44,32
492,2024-05-06,Delhi,24,86,1
493,2024-05-07,Delhi,10,42,38
494,2024-05-08,Delhi,33,46,18
495,2024-05-09,Mumbai,18,58,124
496,2024-05-10,Mumbai,27,24,122
497,2024-05-11,Mumbai,42,43,187
498,2024-05-12,Chennai,25,52,20
499,2024-05-13,Chennai,10,40,106
500,2024-05-14,Mumbai,24,70,140
501,2024-05-15,Chennai,37,85,26
502,2024-05-16,Chennai,28,54,3
503,2024-05-17,Delhi,39,68,8
504,2024-05-18,Chennai,28,83,183
505,2024-05-19,Mumbai,11,44,140
506,2024-05-20,Kolkata,38,48,22
507,2024-05-21,Delhi,35,21,88
508,2024-05-22,Mumbai,28,62,191
509,2024-05-23,Mumbai,35,59,180
510,2024-05-24,Mumbai,26,46,24
511,2024-05-25,Kolkata,18,21,109
512,2024-05-26,Kolkata,43,61,154
513,2024-05-27,Kolkata,21,40,45
514,2024-05-28,Delhi,33,26,20
515,2024-05-29,Chennai,44,49,49
516,2024-05-30,Mumbai,14,56,191
517,2024-05-31,Mumbai,32,44,140
518,2024-06-01,Chennai,27,76,22
519,2024-06-02,Delhi,31,54,50
520,2024-06-03,Kolkata,34,49,144
521,2024-06-04,Mumbai,29,55,8
522,2024-06-05,Kolkata,32,28,68
523,2024-06-06,Chennai,24,51,120
524,2024-06-07,Mumbai,12,32,49
525,2024-06-08,Chennai,44,22,126
526,2024-06-09,Chennai,35,70,128
527,2024-06-10,Delhi,30,39,59
528,2024-06-11,Delhi,44,70,150
529,2024-06-12,Kolkata,35,44,8
530,2024-06-13,Kolkata,44,89,94
531,2024-06-14,Kolkata,27,61,40
532,2024-06-15,Mumbai,21,55,3
533,2024-06-16,Chennai,17,42,127
534,2024-06-17,Delhi,11,64,104
535,2024-06-18,Chennai,22,43,144
536,2024-06-19,Chennai,34,71,195
537,2024-06-20,Mumbai,17,47,183
538,2024-06-21,Mumbai,34,77,27
539,2024-06-22,Delhi,14,30,193
540,2024-06-23,Mumbai,27,81,44
541,2024-06-24,Mumbai,20,62,1
542,2024-06-25,Kolkata,35,60,73
543,2024-06-26,Chennai,24,56,69
544,2024-06-27,Chennai,33,38,128
545,2024-06-28,Kolkata,27,35,83
546,2024-06-29,Mumbai,24,77,82
547,2024-06-30,Chennai,36,75,155
548,2024-07-01,Delhi,35,21,177
549,2024-07-02,Chennai,16,40,149
550,2024-07-03,Chennai,20,26,115
551,2024-07-04,Kolkata,12,47,119
552,2024-07-05,Kolkata,15,57,33
553,2024-07-06,Kolkata,40,22,0
554,2024-07-07,Chennai,10,26,105
555,2024-07-08,Kolkata,18,64,68
556,2024-07-09,Kolkata,28,46,178
557,2024-07-10,Mumbai,17,46,15
558,2024-07-11,Kolkata,34,85,126
559,2024-07-12,Chennai,37,53,135
560,2024-07-13,Chennai,17,83,103
561,2024-07-14,Kolkata,38,20,126
562,2024-07-15,Mumbai,14,57,83
563,2024-07-16,Mumbai,39,33,106
564,2024-07-17,Delhi,19,22,137
565,2024-07-18,Delhi,36,25,140
566,2024-07-19,Delhi,39,37,20
567,2024-07-20,Mumbai,18,61,118
568,2024-07-21,Kolkata,29,76,188
569,2024-07-22,Delhi,34,76,49
570,2024-07-23,Mumbai,21,87,12
571,2024-07-24,Mumbai,36,69,53
572,2024-07-25,Chennai,24,80,134
573,2024-07-26,Mumbai,41,70,128
574,2024-07-27,Kolkata,13,23,12
575,2024-07-28,Delhi,33,42,30
576,2024-07-29,Mumbai,16,62,158
577,2024-07-30,Chennai,28,39,116
578,2024-07-31,Delhi,33,76,108
579,2024-08-01,Kolkata,10,78,95
580,2024-08-02,Delhi,16,69,188
581,2024-08-03,Delhi,25,73,181
582,2024-08-04,Delhi,41,54,74
583,2024-08-05,Delhi,23,64,189
584,2024-08-06,Kolkata,25,22,90
585,2024-08-07,Kolkata,21,87,14
586,2024-08-08,Mumbai,39,51,160
587,2024-08-09,Kolkata,43,80,14
588,2024-08-10,Chennai,26,75,59
589,2024-08-11,Chennai,14,60,151
590,2024-08-12,Chennai,32,62,89
591,2024-08-13,Chennai,14,48,14
592,2024-08-14,Kolkata,19,30,34
593,2024-08-15,Delhi,42,86,88
594,2024-08-16,Kolkata,41,74,117
595,2024-08-17,Chennai,11,43,135
596,2024-08-18,Chennai,16,67,103
597,2024-08-19,Delhi,40,47,21
598,2024-08-20,Mumbai,14,41,181
599,2024-08-21,Chennai,12,57,22
600,2024-08-22,Chennai,38,28,50
601,2024-08-23,Mumbai,12,83,119
602,2024-08-24,Mumbai,14,78,194
603,2024-08-25,Delhi,24,54,68
604,2024-08-26,Mumbai,26,38,130
605,2024-08-27,Mumbai,34,64,35
606,2024-08-28,Delhi,29,83,127
607,2024-08-29,Mumbai,36,70,122
608,2024-08-30,Delhi,24,81,75
609,2024-08-31,Chennai,16,51,41
610,2024-09-01,Chennai,33,56,176
611,2024-09-02,Kolkata,19,65,83
612,2024-09-03,Delhi,35,66,184
613,2024-09-04,Chennai,20,40,71
614,2024-09-05,Kolkata,13,61,36
615,2024-09-06,Mumbai,13,64,91
616,2024-09-07,Chennai,26,50,31
617,2024-09-08,Chennai,14,68,176
618,2024-09-09,Mumbai,37,34,45
619,2024-09-10,Chennai,15,60,154
620,2024-09-11,Mumbai,13,44,190
621,2024-09-12,Mumbai,17,59,53
622,2024-09-13,Mumbai,31,82,97
623,2024-09-14,Chennai,32,40,31
624,2024-09-15,Mumbai,32,25,29
625,2024-09-16,Delhi,30,65,41
626,2024-09-17,Kolkata,10,73,41
627,2024-09-18,Chennai,39,85,82
628,2024-09-19,Kolkata,32,83,171
629,2024-09-20,Chennai,35,87,18
630,2024-09-21,Delhi,36,61,73
631,2024-09-22,Kolkata,41,50,32
632,2024-09-23,Mumbai,43,60,8
633,2024-09-24,Mumbai,17,55,120
634,2024-09-25,Delhi,11,29,32
635,2024-09-26,Chennai,31,64,38
636,2024-09-27,Chennai,38,21,22
637,2024-09-28,Mumbai,35,67,125
638,2024-09-29,Kolkata,27,23,28
639,2024-09-30,Delhi,10,62,145
640,2024-10-01,Chennai,30,69,171
641,2024-10-02,Delhi,39,81,83
642,2024-10-03,Delhi,31,84,178
643,2024-10-04,Kolkata,24,57,73
644,2024-10-05,Mumbai,24,44,20
645,2024-10-06,Delhi,11,81,8
646,2024-10-07,Kolkata,35,48,189
647,2024-10-08,Kolkata,20,57,63
648,2024-10-09,Kolkata,13,51,138
649,2024-10-10,Mumbai,19,83,110
650,2024-10-11,Kolkata,38,32,140
651,2024-10-12,Kolkata,17,69,194
652,2024-10-13,Chennai,10,49,78
653,2024-10-14,Chennai,14,56,1
654,2024-10-15,Chennai,20,77,57
655,2024-10-16,Kolkata,25,64,70
656,2024-10-17,Kolkata,31,47,4
657,2024-10-18,Kolkata,40,28,129
658,2024-10-19,Mumbai,41,88,80
659,2024-10-20,Chennai,12,45,19
660,2024-10-21,Chennai,41,64,98
661,2024-10-22,Chennai,30,36,80
662,2024-10-23,Kolkata,17,29,181
663,2024-10-24,Kolkata,43,35,165
664,2024-10-25,Mumbai,36,56,136
665,2024-10-26,Delhi,10,81,84
666,2024-10-27,Kolkata,32,60,173
667,2024-10-28,Mumbai,16,42,56
668,2024-10-29,Chennai,36,39,75
669,2024-10-30,Chennai,18,32,80
670,2024-10-31,Chennai,37,87,100
671,2024-11-01,Delhi,33,72,153
672,2024-11-02,Kolkata,27,80,165
673,2024-11-03,Chennai,22,57,113
674,2024-11-04,Mumbai,32,63,26
675,2024-11-05,Mumbai,44,59,132
676,2024-11-06,Kolkata,15,62,195
677,2024-11-07,Chennai,31,28,165
678,2024-11-08,Delhi,24,23,95
679,2024-11-09,Chennai,36,36,115
680,2024-11-10,Kolkata,43,75,111
681,2024-11-11,Kolkata,17,43,151
682,2024-11-12,Kolkata,34,75,38
683,2024-11-13,Delhi,25,23,181
684,2024-11-14,Kolkata,40,43,129
685,2024-11-15,Delhi,41,85,54
686,2024-11-16,Chennai,44,41,45
687,2024-11-17,Chennai,11,40,8
688,2024-11-18,Chennai,16,83,12
689,2024-11-19,Mumbai,24,39,69
690,2024-11-20,Kolkata,44,21,109
691,2024-11-21,Chennai,40,21,105
692,2024-11-22,Delhi,44,20,147
693,2024-11-23,Mumbai,19,46,28
694,2024-11-24,Delhi,41,22,6
695,2024-11-25,Mumbai,33,71,129
696,2024-11-26,Mumbai,33,31,116
697,2024-11-27,Mumbai,32,30,113
698,2024-11-28,Chennai,20,76,180
699,2024-11-29,Chennai,24,24,63
700,2024-11-30,Mumbai,37,87,189
701,2024-12-01,Mumbai,39,89,73
702,2024-12-02,Kolkata,21,54,142
703,2024-12-03,Delhi,26,68,143
704,2024-12-04,Mumbai,13,76,95
705,2024-12-05,Delhi,36,54,186
706,2024-12-06,Delhi,25,43,146
707,2024-12-07,Mumbai,42,24,161
708,2024-12-08,Chennai,44,21,112
709,2024-12-09,Kolkata,40,29,181
710,2024-12-10,Kolkata,35,47,34
711,2024-12-11,Kolkata,28,71,3
712,2024-12-12,Chennai,39,81,134
713,2024-12-13,Chennai,13,30,90
714,2024-12-14,Delhi,33,88,39
715,2024-12-15,Kolkata,10,61,86
716,2024-12-16,Chennai,13,49,175
717,2024-12-17,Kolkata,28,58,46
718,2024-12-18,Kolkata,18,29,70
719,2024-12-19,Delhi,35,28,78
720,2024-12-20,Kolkata,39,45,182
721,2024-12-21,Mumbai,40,58,186
722,2024-12-22,Kolkata,12,45,41
723,2024-12-23,Chennai,22,80,119
724,2024-12-24,Delhi,38,65,62
725,2024-12-25,Delhi,16,37,113
726,2024-12-26,Mumbai,10,33,119
727,2024-12-27,Mumbai,32,48,17
728,2024-12-28,Kolkata,41,23,104
729,2024-12-29,Kolkata,40,62,141
730,2024-12-30,Chennai,14,68,78
731,2024-12-31,Delhi,10,86,85
732,2025-01-01,Mumbai,14,36,25
733,2025-01-02,Kolkata,31,59,9
734,2025-01-03,Mumbai,27,44,69
735,2025-01-04,Mumbai,34,48,86
736,2025-01-05,Delhi,27,38,131
737,2025-01-06,Delhi,20,70,85
738,2025-01-07,Kolkata,10,35,28
739,2025-01-08,Kolkata,26,43,15
740,2025-01-09,Kolkata,21,68,137
741,2025-01-10,Delhi,31,35,135
742,2025-01-11,Kolkata,36,31,71
743,2025-01-12,Mumbai,25,81,169
744,2025-01-13,Kolkata,34,86,16
745,2025-01-14,Chennai,37,26,42
746,2025-01-15,Mumbai,28,23,149
747,2025-01-16,Kolkata,27,87,127
748,2025-01-17,Mumbai,20,44,84
749,2025-01-18,Delhi,35,59,103
750,2025-01-19,Chennai,42,72,96
751,2025-01-20,Kolkata,16,70,71
752,2025-01-21,Chennai,44,21,117
753,2025-01-22,Mumbai,30,57,41
754,2025-01-23,Kolkata,37,53,195
755,2025-01-24,Mumbai,44,48,112
756,2025-01-25,Mumbai,33,61,72
757,2025-01-26,Chennai,32,23,63
758,2025-01-27,Kolkata,18,72,133
759,2025-01-28,Kolkata,31,60,157
760,2025-01-29,Kolkata,37,79,14
761,2025-01-30,Delhi,25,55,2
762,2025-01-31,Mumbai,41,84,21
763,2025-02-01,Chennai,14,87,114
764,2025-02-02,Delhi,33,74,51
765,2025-02-03,Chennai,32,39,48
766,2025-02-04,Chennai,27,26,151
767,2025-02-05,Delhi,41,79,197
768,2025-02-06,Chennai,31,80,87
769,2025-02-07,Chennai,10,85,54
770,2025-02-08,Delhi,27,42,144
771,2025-02-09,Chennai,30,70,43
772,2025-02-10,Chennai,26,88,22
773,2025-02-11,Mumbai,38,63,1
774,2025-02-12,Kolkata,19,31,6
775,2025-02-13,Delhi,39,48,35
776,2025-02-14,Delhi,27,85,36
777,2025-02-15,Mumbai,33,58,189
778,2025-02-16,Kolkata,27,26,198
779,2025-02-17,Mumbai,23,83,108
780,2025-02-18,Kolkata,29,70,4
781,2025-02-19,Delhi,23,76,20
782,2025-02-20,Mumbai,19,43,64
783,2025-02-21,Chennai,33,89,199
784,2025-02-22,Kolkata,23,41,43
785,2025-02-23,Kolkata,16,65,164
786,2025-02-24,Delhi,36,22,88
787,2025-02-25,Chennai,25,88,41
788,2025-02-26,Chennai,30,38,131
789,2025-02-27,Delhi,25,81,13
790,2025-02-28,Delhi,17,46,87
791,2025-03-01,Chennai,10,74,172
792,2025-03-02,Kolkata,26,24,101
793,2025-03-03,Delhi,16,81,169
794,2025-03-04,Kolkata,19,87,199
795,2025-03-05,Delhi,13,48,189
796,2025-03-06,Mumbai,12,39,105
797,2025-03-07,Mumbai,39,39,164
798,2025-03-08,Chennai,22,76,66
799,2025-03-09,Delhi,26,64,42
800,2025-03-10,Mumbai,44,22,145
801,2025-03-11,Delhi,33,36,107
802,2025-03-12,Chennai,23,51,113
803,2025-03-13,Delhi,44,43,91
804,2025-03-14,Chennai,43,36,149
805,2025-03-15,Chennai,24,28,24
806,2025-03-16,Delhi,25,41,16
807,2025-03-17,Mumbai,14,70,14
808,2025-03-18,Kolkata,16,27,112
809,2025-03-19,Delhi,31,84,38
810,2025-03-20,Delhi,35,51,112
811,2025-03-21,Chennai,26,55,169
812,2025-03-22,Mumbai,41,85,162
813,2025-03-23,Chennai,41,71,54
814,2025-03-24,Kolkata,40,67,92
815,2025-03-25,Chennai,23,75,27
816,2025-03-26,Mumbai,18,87,57
817,2025-03-27,Kolkata,33,44,126
818,2025-03-28,Delhi,37,63,32
819,2025-03-29,Mumbai,20,25,67
820,2025-03-30,Kolkata,12,60,28
821,2025-03-31,Kolkata,17,75,96
822,2025-04-01,Chennai,16,32,68
823,2025-04-02,Kolkata,22,63,7
824,2025-04-03,Mumbai,32,58,123
825,2025-04-04,Kolkata,37,82,5
826,2025-04-05,Chennai,32,88,144
827,2025-04-06,Kolkata,10,28,123
828,2025-04-07,Chennai,44,80,77
829,2025-04-08,Delhi,42,67,121
830,2025-04-09,Chennai,39,79,40
831,2025-04-10,Delhi,12,27,27
832,2025-04-11,Delhi,28,80,4
833,2025-04-12,Kolkata,39,22,19
834,2025-04-13,Delhi,21,87,153
835,2025-04-14,Chennai,42,66,116
836,2025-04-15,Mumbai,34,26,114
837,2025-04-16,Chennai,25,74,33
838,2025-04-17,Delhi,35,44,63
839,2025-04-18,Mumbai,19,88,163
840,2025-04-19,Kolkata,19,60,198
841,2025-04-20,Mumbai,20,27,81
842,2025-04-21,Delhi,18,40,3
843,2025-04-22,Delhi,38,57,181
844,2025-04-23,Delhi,18,44,196
845,2025-04-24,Kolkata,42,64,131
846,2025-04-25,Mumbai,27,31,175
847,2025-04-26,Delhi,38,65,67
848,2025-04-27,Delhi,15,37,91
849,2025-04-28,Mumbai,42,66,7
850,2025-04-29,Mumbai,12,60,116
851,2025-04-30,Chennai,26,40,21
852,2025-05-01,Chennai,19,55,67
853,2025-05-02,Mumbai,41,53,178
854,2025-05-03,Delhi,12,87,73
855,2025-05-04,Delhi,38,88,84
856,2025-05-05,Chennai,38,73,51
857,2025-05-06,Chennai,29,37,75
858,2025-05-07,Kolkata,21,69,178
859,2025-05-08,Chennai,18,76,57
860,2025-05-09,Mumbai,29,78,149
861,2025-05-10,Mumbai,20,47,66
862,2025-05-11,Mumbai,44,45,33
863,2025-05-12,Chennai,18,45,111
864,2025-05-13,Kolkata,39,45,24
865,2025-05-14,Chennai,20,53,151
866,2025-05-15,Mumbai,36,58,118
867,2025-05-16,Mumbai,29,35,14
868,2025-05-17,Mumbai,40,87,122
869,2025-05-18,Delhi,27,32,10
870,2025-05-19,Kolkata,14,84,141
871,2025-05-20,Mumbai,44,28,111
872,2025-05-21,Delhi,16,83,4
873,2025-05-22,Chennai,33,56,93
874,2025-05-23,Kolkata,20,45,121
875,2025-05-24,Delhi,38,24,159
876,2025-05-25,Mumbai,19,56,34
877,2025-05-26,Kolkata,40,73,28
878,2025-05-27,Chennai,19,29,123
879,2025-05-28,Delhi,16,87,170
880,2025-05-29,Delhi,41,78,160
881,2025-05-30,Mumbai,26,34,112
882,2025-05-31,Chennai,17,38,160
883,2025-06-01,Chennai,25,89,47
884,2025-06-02,Kolkata,42,65,21
885,2025-06-03,Kolkata,21,43,100
886,2025-06-04,Chennai,36,23,27
887,2025-06-05,Chennai,36,30,100
888,2025-06-06,Mumbai,34,48,90
889,2025-06-07,Kolkata,34,25,85
890,2025-06-08,Delhi,12,22,22
891,2025-06-09,Mumbai,14,78,160
892,2025-06-10,Mumbai,37,26,95
893,2025-06-11,Chennai,40,26,181
894,2025-06-12,Mumbai,42,89,91
895,2025-06-13,Delhi,33,36,41
896,2025-06-14,Kolkata,11,76,184
897,2025-06-15,Chennai,28,63,122
898,2025-06-16,Chennai,15,48,196
899,2025-06-17,Kolkata,20,37,52
900,2025-06-18,Mumbai,23,68,107
901,2025-06-19,Kolkata,18,85,81
902,2025-06-20,Chennai,12,78,178
903,2025-06-21,Kolkata,39,55,67
904,2025-06-22,Mumbai,42,67,147
905,2025-06-23,Mumbai,13,41,165
906,2025-06-24,Mumbai,25,63,20
907,2025-06-25,Mumbai,33,41,101
908,2025-06-26,Mumbai,18,71,167
909,2025-06-27,Delhi,27,69,45
910,2025-06-28,Mumbai,22,65,73
911,2025-06-29,Kolkata,21,46,103
912,2025-06-30,Delhi,21,39,79
913,2025-07-01,Delhi,31,30,177
914,2025-07-02,Chennai,13,83,95
915,2025-07-03,Delhi,15,55,114
916,2025-07-04,Delhi,43,24,182
917,2025-07-05,Kolkata,20,84,127
918,2025-07-06,Mumbai,33,29,9
919,2025-07-07,Kolkata,27,60,2
920,2025-07-08,Chennai,29,48,30
921,2025-07-09,Chennai,20,55,89
922,2025-07-10,Chennai,16,29,125
923,2025-07-11,Chennai,25,22,41
924,2025-07-12,Chennai,41,39,172
925,2025-07-13,Mumbai,31,30,37
926,2025-07-14,Kolkata,39,37,141
927,2025-07-15,Chennai,11,88,20
928,2025-07-16,Kolkata,34,37,170
929,2025-07-17,Delhi,41,78,129
930,2025-07-18,Kolkata,13,81,32
931,2025-07-19,Kolkata,32,55,178
932,2025-07-20,Kolkata,35,34,144
933,2025-07-21,Mumbai,24,55,23
934,2025-07-22,Kolkata,31,59,91
935,2025-07-23,Delhi,41,59,90
936,2025-07-24,Mumbai,41,36,45
937,2025-07-25,Mumbai,35,76,113
938,2025-07-26,Chennai,11,21,32
939,2025-07-27,Mumbai,27,63,55
940,2025-07-28,Kolkata,36,70,197
941,2025-07-29,Kolkata,20,54,164
942,2025-07-30,Mumbai,20,42,16
943,2025-07-31,Chennai,33,56,108
944,2025-08-01,Chennai,18,51,37
945,2025-08-02,Kolkata,31,35,177
946,2025-08-03,Delhi,22,53,89
947,2025-08-04,Chennai,23,82,56
948,2025-08-05,Mumbai,34,71,87
949,2025-08-06,Chennai,44,72,163
950,2025-08-07,Kolkata,10,35,59
951,2025-08-08,Kolkata,17,46,24
952,2025-08-09,Delhi,21,69,160
953,2025-08-10,Chennai,23,62,103
954,2025-08-11,Kolkata,26,43,36
955,2025-08-12,Delhi,27,67,134
956,2025-08-13,Kolkata,29,78,197
957,2025-08-14,Kolkata,11,82,47
958,2025-08-15,Mumbai,32,67,40
959,2025-08-16,Delhi,20,66,79
960,2025-08-17,Mumbai,23,24,103
961,2025-08-18,Delhi,21,44,88
962,2025-08-19,Chennai,10,85,112
963,2025-08-20,Chennai,28,71,41
964,2025-08-21,Mumbai,43,64,3
965,2025-08-22,Kolkata,38,24,153
966,2025-08-23,Mumbai,34,76,155
967,2025-08-24,Chennai,15,68,140
968,2025-08-25,Kolkata,37,54,54
969,2025-08-26,Mumbai,13,58,136
970,2025-08-27,Mumbai,26,32,103
971,2025-08-28,Mumbai,12,56,172
972,2025-08-29,Delhi,23,64,28
973,2025-08-30,Kolkata,18,70,124
974,2025-08-31,Kolkata,20,48,167
975,2025-09-01,Mumbai,36,25,164
976,2025-09-02,Kolkata,10,43,119
977,2025-09-03,Chennai,24,50,133
978,2025-09-04,Chennai,29,48,50
979,2025-09-05,Kolkata,40,48,178
980,2025-09-06,Mumbai,27,20,162
981,2025-09-07,Chennai,25,27,62
982,2025-09-08,Mumbai,39,20,8
983,2025-09-09,Chennai,32,48,199
984,2025-09-10,Kolkata,25,65,153
985,2025-09-11,Delhi,10,47,192
986,2025-09-12,Mumbai,14,61,89
987,2025-09-13,Chennai,36,46,89
988,2025-09-14,Chennai,38,81,155
989,2025-09-15,Kolkata,32,66,61
990,2025-09-16,Delhi,21,50,51
991,2025-09-17,Mumbai,41,58,156
992,2025-09-18,Mumbai,35,73,22
993,2025-09-19,Chennai,29,23,197
994,2025-09-20,Mumbai,26,26,184
995,2025-09-21,Mumbai,15,80,80
996,2025-09-22,Mumbai,19,30,122
997,2025-09-23,Delhi,17,80,55
998,2025-09-24,Delhi,25,23,49
999,2025-09-25,Chennai,20,58,89
1000,2025-09-26,Kolkata,25,69,13
1001,2025-09-27,Chennai,17,20,29
1002,2025-09-28,Delhi,17,57,174
1003,2025-09-29,Kolkata,10,39,8
1004,2025-09-30,Kolkata,43,50,8
1005,2025-10-01,Kolkata,29,28,143
1006,2025-10-02,Mumbai,38,53,9
1007,2025-10-03,Delhi,35,30,170
1008,2025-10-04,Chennai,11,41,8
1009,2025-10-05,Mumbai,31,69,164
1010,2025-10-06,Delhi,36,80,170
1011,2025-10-07,Chennai,22,55,115
1012,2025-10-08,Mumbai,17,89,8
1013,2025-10-09,Kolkata,16,24,112
1014,2025-10-10,Delhi,31,44,123
1015,2025-10-11,Delhi,14,76,100
1016,2025-10-12,Chennai,43,25,6
1017,2025-10-13,Kolkata,29,46,147
1018,2025-10-14,Chennai,38,31,75
1019,2025-10-15,Chennai,39,79,173
1020,2025-10-16,Chennai,17,81,72
1021,2025-10-17,Delhi,26,84,109
1022,2025-10-18,Kolkata,44,50,17
1023,2025-10-19,Chennai,37,88,125
1024,2025-10-20,Kolkata,31,54,93
1025,2025-10-21,Delhi,28,53,159
1026,2025-10-22,Kolkata,26,42,153
1027,2025-10-23,Chennai,33,59,37
1028,2025-10-24,Delhi,35,46,199
1029,2025-10-25,Mumbai,39,75,4
1030,2025-10-26,Mumbai,34,71,47
1031,2025-10-27,Delhi,25,34,105
1032,2025-10-28,Kolkata,26,27,88
1033,2025-10-29,Chennai,35,61,134
1034,2025-10-30,Kolkata,27,49,180
1035,2025-10-31,Mumbai,19,77,27
1036,2025-11-01,Delhi,18,30,159
1037,2025-11-02,Kolkata,18,51,64
1038,2025-11-03,Delhi,21,51,108
1039,2025-11-04,Mumbai,37,78,147
1040,2025-11-05,Delhi,37,39,147
1041,2025-11-06,Delhi,26,54,20
1042,2025-11-07,Delhi,28,87,48
1043,2025-11-08,Chennai,23,71,56
1044,2025-11-09,Chennai,30,50,171
1045,2025-11-10,Kolkata,39,86,89
1046,2025-11-11,Chennai,13,44,180
1047,2025-11-12,Chennai,27,65,41
1048,2025-11-13,Kolkata,32,89,80
1049,2025-11-14,Delhi,23,26,105
1050,2025-11-15,Mumbai,26,82,57
1051,2025-11-16,Mumbai,37,55,70
1052,2025-11-17,Mumbai,12,29,95
1053,2025-11-18,Chennai,15,87,8
1054,2025-11-19,Kolkata,24,79,95
1055,2025-11-20,Chennai,22,80,62
1056,2025-11-21,Kolkata,22,44,96
1057,2025-11-22,Chennai,31,78,150
1058,2025-11-23,Mumbai,10,37,171
1059,2025-11-24,Mumbai,15,56,175
1060,2025-11-25,Delhi,35,27,175
1061,2025-11-26,Kolkata,26,66,59
1062,2025-11-27,Kolkata,33,39,188
1063,2025-11-28,Chennai,41,57,96
1064,2025-11-29,Mumbai,10,37,103
1065,2025-11-30,Kolkata,20,36,157
1066,2025-12-01,Mumbai,11,77,194
1067,2025-12-02,Mumbai,19,85,158
1068,2025-12-03,Mumbai,31,64,139
1069,2025-12-04,Chennai,25,74,81
1070,2025-12-05,Delhi,21,25,4
1071,2025-12-06,Chennai,15,32,163
1072,2025-12-07,Kolkata,14,64,90
1073,2025-12-08,Kolkata,42,33,48
1074,2025-12-09,Delhi,23,24,59
1075,2025-12-10,Mumbai,42,74,9
1076,2025-12-11,Chennai,34,89,118
1077,2025-12-12,Kolkata,14,43,86
1078,2025-12-13,Delhi,10,41,84
1079,2025-12-14,Mumbai,23,67,194
1080,2025-12-15,Chennai,13,70,161
1081,2025-12-16,Delhi,22,40,199
1082,2025-12-17,Delhi,44,64,71
1083,2025-12-18,Mumbai,14,37,181
1084,2025-12-19,Mumbai,28,62,51
1085,2025-12-20,Kolkata,18,66,131
1086,2025-12-21,Kolkata,20,89,56
1087,2025-12-22,Kolkata,36,20,137
1088,2025-12-23,Delhi,36,83,139
1089,2025-12-24,Chennai,37,27,199
1090,2025-12-25,Chennai,19,61,4
1091,2025-12-26,Mumbai,12,61,177
1092,2025-12-27,Chennai,43,61,150
1093,2025-12-28,Chennai,21,63,84
1094,2025-12-29,Delhi,15,73,192
1095,2025-12-30,Mumbai,16,46,101
1096,2025-12-31,Chennai,11,49,163
1097,2026-01-01,Kolkata,35,22,56
1098,2026-01-02,Mumbai,42,38,142
1099,2026-01-03,Chennai,33,37,31
1100,2026-01-04,Delhi,24,61,49
1101,2026-01-05,Kolkata,32,21,66
1102,2026-01-06,Delhi,29,26,32
1103,2026-01-07,Kolkata,12,84,196
1104,2026-01-08,Mumbai,20,87,184
1105,2026-01-09,Delhi,27,46,4
1106,2026-01-10,Kolkata,11,58,124
1107,2026-01-11,Delhi,43,63,56
1108,2026-01-12,Chennai,28,54,162
1109,2026-01-13,Mumbai,33,86,78
1110,2026-01-14,Chennai,19,41,137
1111,2026-01-15,Kolkata,25,49,139
1112,2026-01-16,Chennai,16,27,117
1113,2026-01-17,Kolkata,28,57,68
1114,2026-01-18,Kolkata,35,26,3
1115,2026-01-19,Chennai,38,25,127
1116,2026-01-20,Kolkata,41,34,21
1117,2026-01-21,Delhi,21,27,58
1118,2026-01-22,Kolkata,36,37,106
1119,2026-01-23,Kolkata,35,27,138
1120,2026-01-24,Delhi,33,36,158
1121,2026-01-25,Mumbai,11,59,23
1122,2026-01-26,Mumbai,40,46,25
1123,2026-01-27,Mumbai,20,36,136
1124,2026-01-28,Kolkata,18,33,103
1125,2026-01-29,Mumbai,40,51,26
1126,2026-01-30,Mumbai,40,61,116
1127,2026-01-31,Mumbai,39,86,184
1128,2026-02-01,Chennai,37,26,154
1129,2026-02-02,Mumbai,35,39,196
1130,2026-02-03,Delhi,29,59,106
1131,2026-02-04,Chennai,43,74,170
1132,2026-02-05,Kolkata,41,49,57
1133,2026-02-06,Chennai,14,43,156
1134,2026-02-07,Kolkata,39,60,71
1135,2026-02-08,Mumbai,44,82,104
1136,2026-02-09,Chennai,38,21,195
1137,2026-02-10,Delhi,13,67,196
1138,2026-02-11,Mumbai,41,88,32
1139,2026-02-12,Mumbai,21,79,32
1140,2026-02-13,Kolkata,42,59,106
1141,2026-02-14,Mumbai,18,26,115
1142,2026-02-15,Chennai,26,68,79
1143,2026-02-16,Kolkata,26,58,89
1144,2026-02-17,Delhi,35,57,69
1145,2026-02-18,Delhi,19,84,157
1146,2026-02-19,Delhi,36,35,125
1147,2026-02-20,Chennai,14,35,38
1148,2026-02-21,Kolkata,25,55,58
1149,2026-02-22,Mumbai,40,88,186
1150,2026-02-23,Chennai,39,31,119
1151,2026-02-24,Delhi,31,63,149
1152,2026-02-25,Chennai,43,39,112
1153,2026-02-26,Chennai,42,51,74
1154,2026-02-27,Kolkata,40,23,27
1155,2026-02-28,Mumbai,19,40,56
1156,2026-03-01,Mumbai,39,52,60
1157,2026-03-02,Mumbai,36,25,134
1158,2026-03-03,Mumbai,17,56,191
1159,2026-03-04,Delhi,16,88,77
1160,2026-03-05,Chennai,21,41,36
1161,2026-03-06,Chennai,38,67,108
1162,2026-03-07,Delhi,30,65,90
1163,2026-03-08,Kolkata,40,22,93
1164,2026-03-09,Chennai,35,46,83
1165,2026-03-10,Kolkata,37,39,99
1166,2026-03-11,Chennai,25,62,142
1167,2026-03-12,Mumbai,13,87,60
1168,2026-03-13,Kolkata,31,57,110
1169,2026-03-14,Chennai,20,88,104
1170,2026-03-15,Mumbai,38,35,20
1171,2026-03-16,Kolkata,25,81,96
1172,2026-03-17,Kolkata,21,71,81
1173,2026-03-18,Mumbai,23,51,176
1174,2026-03-19,Kolkata,41,32,126
1175,2026-03-20,Chennai,42,72,98
1176,2026-03-21,Kolkata,22,85,152
1177,2026-03-22,Kolkata,37,47,20
1178,2026-03-23,Chennai,39,30,140
1179,2026-03-24,Mumbai,30,70,58
1180,2026-03-25,Delhi,29,59,100
1181,2026-03-26,Delhi,26,86,147
1182,2026-03-27,Chennai,22,41,62
1183,2026-03-28,Chennai,43,79,112
1184,2026-03-29,Kolkata,31,55,163
1185,2026-03-30,Delhi,40,38,162
1186,2026-03-31,Delhi,25,79,94
1187,2026-04-01,Delhi,39,87,47
1188,2026-04-02,Chennai,23,54,122
1189,2026-04-03,Delhi,12,71,39
1190,2026-04-04,Chennai,35,45,161
1191,2026-04-05,Chennai,42,66,58
1192,2026-04-06,Kolkata,20,23,148
1193,2026-04-07,Delhi,36,87,18
1194,2026-04-08,Chennai,27,49,96
1195,2026-04-09,Chennai,30,48,190
1196,2026-04-10,Mumbai,30,28,104
1197,2026-04-11,Chennai,27,80,43
1198,2026-04-12,Mumbai,41,76,198
1199,2026-04-13,Chennai,12,71,81
1200,2026-04-14,Mumbai,20,77,77
1201,2026-04-15,Kolkata,40,68,94
1202,2026-04-16,Delhi,39,29,148
1203,2026-04-17,Kolkata,30,66,55
1204,2026-04-18,Chennai,17,69,181
1205,2026-04-19,Kolkata,30,48,164
1206,2026-04-20,Kolkata,21,62,162
1207,2026-04-21,Chennai,39,60,104
1208,2026-04-22,Kolkata,32,70,55
1209,2026-04-23,Chennai,25,32,69
1210,2026-04-24,Delhi,25,51,107
1211,2026-04-25,Chennai,21,53,136
1212,2026-04-26,Kolkata,16,85,172
1213,2026-04-27,Kolkata,36,77,185
1214,2026-04-28,Chennai,16,70,102
1215,2026-04-29,Mumbai,30,38,67
1216,2026-04-30,Kolkata,18,59,198
1217,2026-05-01,Delhi,23,28,163
1218,2026-05-02,Mumbai,37,56,98
1219,2026-05-03,Kolkata,37,59,173
1220,2026-05-04,Kolkata,22,87,199
1221,2026-05-05,Kolkata,29,33,134
1222,2026-05-06,Mumbai,11,77,15
1223,2026-05-07,Kolkata,35,33,110
1224,2026-05-08,Kolkata,41,51,178
1225,2026-05-09,Delhi,40,42,7
1226,2026-05-10,Kolkata,34,31,93
1227,2026-05-11,Kolkata,13,25,195
1228,2026-05-12,Kolkata,18,40,97
1229,2026-05-13,Chennai,31,30,57
1230,2026-05-14,Delhi,39,59,58
1231,2026-05-15,Delhi,33,24,177
1232,2026-05-16,Mumbai,39,79,101
1233,2026-05-17,Mumbai,16,27,69
1234,2026-05-18,Delhi,29,59,99
1235,2026-05-19,Delhi,28,64,198
1236,2026-05-20,Delhi,35,58,103
1237,2026-05-21,Mumbai,19,87,75
1238,2026-05-22,Mumbai,17,22,197
1239,2026-05-23,Delhi,42,45,117
1240,2026-05-24,Delhi,32,81,53
1241,2026-05-25,Kolkata,22,71,185
1242,2026-05-26,Kolkata,18,53,192
1243,2026-05-27,Delhi,20,34,124
1244,2026-05-28,Kolkata,36,43,111
1245,2026-05-29,Chennai,27,80,194
1246,2026-05-30,Mumbai,31,89,106
1247,2026-05-31,Chennai,27,53,161
1248,2026-06-01,Delhi,12,64,19
1249,2026-06-02,Delhi,32,27,113
1250,2026-06-03,Delhi,44,36,56
1251,2026-06-04,Mumbai,14,23,88
1252,2026-06-05,Mumbai,37,33,21
1253,2026-06-06,Mumbai,44,24,144
1254,2026-06-07,Kolkata,20,31,83
1255,2026-06-08,Kolkata,30,36,135
1256,2026-06-09,Chennai,27,44,115
1257,2026-06-10,Kolkata,14,67,132
1258,2026-06-11,Chennai,16,71,55
1259,2026-06-12,Chennai,21,21,68
1260,2026-06-13,Mumbai,23,62,14
1261,2026-06-14,Chennai,11,64,35
1262,2026-06-15,Delhi,23,32,31
1263,2026-06-16,Mumbai,33,32,43
1264,2026-06-17,Delhi,25,80,119
1265,2026-06-18,Mumbai,20,49,44
1266,2026-06-19,Chennai,37,30,91
1267,2026-06-20,Mumbai,29,55,90
1268,2026-06-21,Kolkata,39,40,52
1269,2026-06-22,Mumbai,18,69,119
1270,2026-06-23,Chennai,18,29,113
1271,2026-06-24,Chennai,33,40,135
1272,2026-06-25,Delhi,34,78,38
1273,2026-06-26,Kolkata,39,41,56
1274,2026-06-27,Kolkata,12,28,82
1275,2026-06-28,Mumbai,43,25,104
1276,2026-06-29,Delhi,14,78,101
1277,2026-06-30,Delhi,26,25,164
1278,2026-07-01,Chennai,24,36,180
1279,2026-07-02,Mumbai,40,29,96
1280,2026-07-03,Chennai,13,87,35
1281,2026-07-04,Chennai,39,49,153
1282,2026-07-05,Delhi,24,36,84
1283,2026-07-06,Mumbai,28,83,176
1284,2026-07-07,Delhi,30,69,190
1285,2026-07-08,Kolkata,44,66,106
1286,2026-07-09,Delhi,11,78,166
1287,2026-07-10,Chennai,30,36,198
1288,2026-07-11,Delhi,24,76,43
1289,2026-07-12,Mumbai,34,26,169
1290,2026-07-13,Delhi,34,51,5
1291,2026-07-14,Delhi,19,39,19
1292,2026-07-15,Delhi,13,67,15
1293,2026-07-16,Kolkata,15,80,70
1294,2026-07-17,Mumbai,13,84,183
1295,2026-07-18,Kolkata,24,29,181
1296,2026-07-19,Delhi,19,79,64
1297,2026-07-20,Delhi,15,85,152
1298,2026-07-21,Kolkata,17,34,45
1299,2026-07-22,Delhi,14,73,10
1300,2026-07-23,Delhi,23,45,81
1301,2026-07-24,Kolkata,11,24,161
1302,2026-07-25,Kolkata,40,62,163
1303,2026-07-26,Chennai,11,77,11
1304,2026-07-27,Kolkata,15,86,100
1305,2026-07-28,Kolkata,21,54,179
1306,2026-07-29,Kolkata,13,54,195
1307,2026-07-30,Mumbai,44,37,55
1308,2026-07-31,Kolkata,12,40,163
1309,2026-08-01,Kolkata,21,45,80
1310,2026-08-02,Kolkata,12,55,78
1311,2026-08-03,Mumbai,28,74,172
1312,2026-08-04,Delhi,31,84,123
1313,2026-08-05,Chennai,16,57,73
1314,2026-08-06,Mumbai,28,61,58
1315,2026-08-07,Delhi,40,68,25
1316,2026-08-08,Chennai,26,47,21
1317,2026-08-09,Chennai,15,80,121
1318,2026-08-10,Delhi,27,81,51
1319,2026-08-11,Kolkata,42,28,108
1320,2026-08-12,Chennai,32,32,48
1321,2026-08-13,Kolkata,13,80,11
1322,2026-08-14,Kolkata,26,84,75
1323,2026-08-15,Chennai,31,54,78
1324,2026-08-16,Kolkata,30,66,47
1325,2026-08-17,Chennai,43,56,30
1326,2026-08-18,Chennai,12,29,42
1327,2026-08-19,Delhi,44,85,58
1328,2026-08-20,Chennai,43,68,111
1329,2026-08-21,Delhi,29,81,198
1330,2026-08-22,Delhi,11,20,19
1331,2026-08-23,Kolkata,10,24,93
1332,2026-08-24,Delhi,29,43,166
1333,2026-08-25,Kolkata,10,70,23
1334,2026-08-26,Mumbai,38,52,198
1335,2026-08-27,Chennai,32,66,76
1336,2026-08-28,Delhi,37,57,61
1337,2026-08-29,Delhi,43,55,172
1338,2026-08-30,Chennai,35,49,120
1339,2026-08-31,Kolkata,32,25,56
1340,2026-09-01,Chennai,43,75,147
1341,2026-09-02,Delhi,18,41,150
1342,2026-09-03,Chennai,15,37,80
1343,2026-09-04,Kolkata,36,46,38
1344,2026-09-05,Chennai,42,64,149
1345,2026-09-06,Delhi,11,55,60
1346,2026-09-07,Kolkata,22,41,19
1347,2026-09-08,Kolkata,16,44,195
1348,2026-09-09,Delhi,12,67,71
1349,2026-09-10,Delhi,15,57,8
1350,2026-09-11,Mumbai,36,87,16
1351,2026-09-12,Kolkata,15,70,160
1352,2026-09-13,Kolkata,37,84,118
1353,2026-09-14,Kolkata,36,71,36
1354,2026-09-15,Delhi,44,80,101
1355,2026-09-16,Kolkata,27,29,172
1356,2026-09-17,Kolkata,21,83,163
1357,2026-09-18,Kolkata,39,60,6
1358,2026-09-19,Delhi,23,55,104
1359,2026-09-20,Kolkata,17,23,138
1360,2026-09-21,Delhi,35,84,162
1361,2026-09-22,Mumbai,41,45,41
1362,2026-09-23,Mumbai,12,60,84
1363,2026-09-24,Chennai,28,86,140
1364,2026-09-25,Chennai,24,46,166
1365,2026-09-26,Chennai,40,82,42
1366,2026-09-27,Delhi,23,27,0
1367,2026-09-28,Delhi,11,62,89
1368,2026-09-29,Delhi,43,44,188
1369,2026-09-30,Chennai,16,33,140
1370,2026-10-01,Mumbai,22,54,12
1371,2026-10-02,Chennai,10,23,160
1372,2026-10-03,Delhi,35,62,163
1373,2026-10-04,Mumbai,38,25,153
1374,2026-10-05,Delhi,13,43,137
1375,2026-10-06,Chennai,15,86,68
1376,2026-10-07,Delhi,44,33,172
1377,2026-10-08,Mumbai,39,86,129
1378,2026-10-09,Kolkata,20,83,175
1379,2026-10-10,Delhi,14,70,1
1380,2026-10-11,Mumbai,37,28,150
1381,2026-10-12,Mumbai,20,68,148
1382,2026-10-13,Kolkata,36,22,16
1383,2026-10-14,Delhi,33,43,51
1384,2026-10-15,Kolkata,42,33,97
1385,2026-10-16,Delhi,27,39,134
1386,2026-10-17,Chennai,32,53,182
1387,2026-10-18,Delhi,43,40,12
1388,2026-10-19,Chennai,14,36,121
1389,2026-10-20,Chennai,25,34,68
1390,2026-10-21,Kolkata,14,70,80
1391,2026-10-22,Mumbai,39,25,83
1392,2026-10-23,Kolkata,41,64,168
1393,2026-10-24,Chennai,39,73,60
1394,2026-10-25,Mumbai,21,82,37
1395,2026-10-26,Kolkata,16,29,75
1396,2026-10-27,Kolkata,17,40,23
1397,2026-10-28,Kolkata,33,33,32
1398,2026-10-29,Chennai,24,80,119
1399,2026-10-30,Mumbai,44,34,77
1400,2026-10-31,Mumbai,36,76,70
1401,2026-11-01,Mumbai,10,23,1
1402,2026-11-02,Chennai,22,29,192
1403,2026-11-03,Mumbai,36,89,182
1404,2026-11-04,Chennai,10,27,153
1405,2026-11-05,Kolkata,42,72,163
1406,2026-11-06,Kolkata,33,34,66
1407,2026-11-07,Mumbai,22,61,172
1408,2026-11-08,Delhi,21,58,170
1409,2026-11-09,Kolkata,12,29,112
1410,2026-11-10,Kolkata,12,38,155
1411,2026-11-11,Chennai,42,76,195
1412,2026-11-12,Delhi,31,53,174
1413,2026-11-13,Chennai,39,71,126
1414,2026-11-14,Mumbai,33,39,53
1415,2026-11-15,Chennai,27,31,118
1416,2026-11-16,Chennai,13,58,119
1417,2026-11-17,Delhi,38,70,25
1418,2026-11-18,Chennai,28,66,8
1419,2026-11-19,Mumbai,28,28,165
1420,2026-11-20,Kolkata,17,73,97
1421,2026-11-21,Delhi,34,63,56
1422,2026-11-22,Mumbai,31,33,14
1423,2026-11-23,Delhi,25,65,52
1424,2026-11-24,Delhi,17,29,140
1425,2026-11-25,Kolkata,24,77,139
1426,2026-11-26,Kolkata,37,84,10
1427,2026-11-27,Mumbai,24,52,191
1428,2026-11-28,Chennai,12,30,167
1429,2026-11-29,Kolkata,23,85,10
1430,2026-11-30,Delhi,34,76,169
1431,2026-12-01,Chennai,34,25,113
1432,2026-12-02,Chennai,21,52,16
1433,2026-12-03,Delhi,40,74,142
1434,2026-12-04,Kolkata,29,54,19
1435,2026-12-05,Mumbai,31,48,145
1436,2026-12-06,Chennai,19,85,132
1437,2026-12-07,Chennai,18,54,194
1438,2026-12-08,Chennai,16,62,182
1439,2026-12-09,Chennai,11,48,130
1440,2026-12-10,Kolkata,11,64,88
1441,2026-12-11,Chennai,25,66,12
1442,2026-12-12,Mumbai,15,63,104
1443,2026-12-13,Kolkata,29,27,81
1444,2026-12-14,Kolkata,28,52,150
1445,2026-12-15,Kolkata,29,67,68
1446,2026-12-16,Kolkata,44,69,186
1447,2026-12-17,Kolkata,35,78,88
1448,2026-12-18,Mumbai,30,61,96
1449,2026-12-19,Kolkata,26,48,146
1450,2026-12-20,Mumbai,10,35,122
1451,2026-12-21,Mumbai,39,34,150
1452,2026-12-22,Mumbai,24,34,161
1453,2026-12-23,Mumbai,14,52,113
1454,2026-12-24,Mumbai,44,41,130
1455,2026-12-25,Kolkata,12,43,88
1456,2026-12-26,Chennai,30,32,151
1457,2026-12-27,Kolkata,14,48,139
1458,2026-12-28,Delhi,18,86,60
1459,2026-12-29,Chennai,44,49,36
1460,2026-12-30,Chennai,37,48,11
1461,2026-12-31,Mumbai,33,86,80
1462,2027-01-01,Delhi,15,36,14
1463,2027-01-02,Kolkata,34,67,103
1464,2027-01-03,Delhi,26,21,146
1465,2027-01-04,Delhi,28,82,141
1466,2027-01-05,Kolkata,24,38,180
1467,2027-01-06,Delhi,27,70,15
1468,2027-01-07,Delhi,28,74,55
1469,2027-01-08,Chennai,23,41,171
1470,2027-01-09,Chennai,24,43,36
1471,2027-01-10,Mumbai,40,66,85
1472,2027-01-11,Kolkata,42,89,172
1473,2027-01-12,Mumbai,19,74,70
1474,2027-01-13,Kolkata,34,40,33
1475,2027-01-14,Delhi,12,71,6
1476,2027-01-15,Kolkata,37,36,39
1477,2027-01-16,Chennai,31,63,28
1478,2027-01-17,Delhi,13,49,135
1479,2027-01-18,Delhi,35,28,166
1480,2027-01-19,Chennai,35,38,148
1481,2027-01-20,Delhi,30,68,126
1482,2027-01-21,Delhi,31,64,89
1483,2027-01-22,Mumbai,40,53,23
1484,2027-01-23,Chennai,34,40,61
1485,2027-01-24,Kolkata,12,41,177
1486,2027-01-25,Chennai,17,28,2
1487,2027-01-26,Kolkata,18,69,153
1488,2027-01-27,Delhi,15,58,180
1489,2027-01-28,Kolkata,39,70,192
1490,2027-01-29,Delhi,14,78,35
1491,2027-01-30,Mumbai,19,61,14
1492,2027-01-31,Chennai,22,21,131
1493,2027-02-01,Delhi,23,22,185
1494,2027-02-02,Mumbai,44,27,192
1495,2027-02-03,Delhi,40,69,53
1496,2027-02-04,Chennai,43,72,198
1497,2027-02-05,Delhi,41,35,113
1498,2027-02-06,Chennai,19,54,69
1499,2027-02-07,Kolkata,33,23,116
1500,2027-02-08,Mumbai,14,41,2
1501,2027-02-09,Delhi,41,21,57
1502,2027-02-10,Chennai,26,43,162
1503,2027-02-11,Delhi,15,76,30
1504,2027-02-12,Chennai,11,62,181
1505,2027-02-13,Mumbai,31,66,151
1506,2027-02-14,Chennai,19,31,97
1507,2027-02-15,Mumbai,31,37,14
1508,2027-02-16,Delhi,36,88,96
1509,2027-02-17,Mumbai,21,77,47
1510,2027-02-18,Mumbai,19,85,99
1511,2027-02-19,Delhi,17,28,176
1512,2027-02-20,Kolkata,21,27,99
1513,2027-02-21,Delhi,38,26,14
1514,2027-02-22,Mumbai,29,73,3
1515,2027-02-23,Delhi,32,54,74
1516,2027-02-24,Delhi,22,88,64
1517,2027-02-25,Kolkata,36,51,119
1518,2027-02-26,Delhi,24,85,38
1519,2027-02-27,Mumbai,28,54,118
1520,2027-02-28,Delhi,43,68,90
1521,2027-03-01,Delhi,42,28,34
1522,2027-03-02,Mumbai,35,39,176
1523,2027-03-03,Kolkata,20,29,119
1524,2027-03-04,Mumbai,14,20,193
1525,2027-03-05,Kolkata,34,46,101
1526,2027-03-06,Chennai,31,49,147
1527,2027-03-07,Mumbai,20,58,134
1528,2027-03-08,Kolkata,32,29,77
1529,2027-03-09,Chennai,25,68,77
1530,2027-03-10,Mumbai,24,75,104
1531,2027-03-11,Mumbai,30,83,187
1532,2027-03-12,Delhi,23,71,169
1533,2027-03-13,Kolkata,26,52,31
1534,2027-03-14,Mumbai,40,41,178
1535,2027-03-15,Mumbai,29,31,73
1536,2027-03-16,Mumbai,19,64,70
1537,2027-03-17,Chennai,30,64,124
1538,2027-03-18,Delhi,24,34,190
1539,2027-03-19,Kolkata,43,74,169
1540,2027-03-20,Chennai,25,69,61
1541,2027-03-21,Chennai,27,84,174
1542,2027-03-22,Delhi,27,22,76
1543,2027-03-23,Mumbai,11,24,21
1544,2027-03-24,Kolkata,44,24,114
1545,2027-03-25,Chennai,27,34,72
1546,2027-03-26,Kolkata,19,69,33
1547,2027-03-27,Kolkata,40,66,10
1548,2027-03-28,Delhi,26,85,101
1549,2027-03-29,Delhi,14,72,158
1550,2027-03-30,Delhi,38,73,185
1551,2027-03-31,Chennai,19,56,22
1552,2027-04-01,Delhi,14,23,66
1553,2027-04-02,Delhi,44,78,129
1554,2027-04-03,Kolkata,21,74,41
1555,2027-04-04,Chennai,36,33,29
1556,2027-04-05,Chennai,10,61,76
1557,2027-04-06,Mumbai,44,54,59
1558,2027-04-07,Kolkata,33,78,190
1559,2027-04-08,Mumbai,13,36,70
1560,2027-04-09,Chennai,12,76,149
1561,2027-04-10,Mumbai,39,23,143
1562,2027-04-11,Mumbai,12,72,84
1563,2027-04-12,Chennai,21,45,152
1564,2027-04-13,Delhi,39,30,22
1565,2027-04-14,Kolkata,13,74,11
1566,2027-04-15,Mumbai,40,67,136
1567,2027-04-16,Chennai,32,82,60
1568,2027-04-17,Chennai,36,60,178
1569,2027-04-18,Chennai,42,47,42
1570,2027-04-19,Mumbai,19,87,36
1571,2027-04-20,Delhi,36,75,29
1572,2027-04-21,Kolkata,21,83,84
1573,2027-04-22,Kolkata,33,65,82
1574,2027-04-23,Kolkata,12,41,121
1575,2027-04-24,Chennai,41,45,181
1576,2027-04-25,Mumbai,36,25,72
1577,2027-04-26,Delhi,35,57,4
1578,2027-04-27,Chennai,20,20,104
1579,2027-04-28,Chennai,38,47,137
1580,2027-04-29,Kolkata,33,20,28
1581,2027-04-30,Delhi,33,29,105
1582,2027-05-01,Delhi,31,26,167
1583,2027-05-02,Kolkata,32,36,19
1584,2027-05-03,Mumbai,15,31,107
1585,2027-05-04,Kolkata,44,29,35
1586,2027-05-05,Chennai,37,69,129
1587,2027-05-06,Delhi,16,57,58
1588,2027-05-07,Chennai,26,30,97
1589,2027-05-08,Chennai,19,64,69
1590,2027-05-09,Chennai,37,88,117
1591,2027-05-10,Kolkata,37,82,112
1592,2027-05-11,Mumbai,42,55,20
1593,2027-05-12,Kolkata,20,70,178
1594,2027-05-13,Mumbai,25,26,185
1595,2027-05-14,Delhi,16,64,91
1596,2027-05-15,Mumbai,38,63,121
1597,2027-05-16,Delhi,16,43,7
1598,2027-05-17,Delhi,10,31,20
1599,2027-05-18,Mumbai,14,43,113
1600,2027-05-19,Kolkata,12,30,76
1601,2027-05-20,Kolkata,38,32,108
1602,2027-05-21,Mumbai,31,53,140
1603,2027-05-22,Mumbai,44,78,166
1604,2027-05-23,Mumbai,43,48,131
1605,2027-05-24,Delhi,24,62,187
1606,2027-05-25,Delhi,16,54,61
1607,2027-05-26,Kolkata,12,43,158
1608,2027-05-27,Kolkata,33,25,178
1609,2027-05-28,Mumbai,17,80,24
1610,2027-05-29,Kolkata,24,33,154
1611,2027-05-30,Chennai,43,33,117
1612,2027-05-31,Kolkata,39,68,123
1613,2027-06-01,Chennai,17,31,90
1614,2027-06-02,Kolkata,31,33,108
1615,2027-06-03,Chennai,14,47,69
1616,2027-06-04,Delhi,44,27,144
1617,2027-06-05,Mumbai,37,25,148
1618,2027-06-06,Delhi,37,56,68
1619,2027-06-07,Chennai,28,28,115
1620,2027-06-08,Mumbai,26,44,85
1621,2027-06-09,Delhi,42,32,10
1622,2027-06-10,Delhi,10,30,105
1623,2027-06-11,Chennai,33,75,181
1624,2027-06-12,Delhi,34,72,23
1625,2027-06-13,Kolkata,16,57,15
1626,2027-06-14,Delhi,33,64,170
1627,2027-06-15,Chennai,26,28,15
1628,2027-06-16,Mumbai,36,89,0
1629,2027-06-17,Delhi,29,45,22
1630,2027-06-18,Delhi,15,32,153
1631,2027-06-19,Delhi,32,34,76
1632,2027-06-20,Kolkata,25,61,197
1633,2027-06-21,Mumbai,20,43,5
1634,2027-06-22,Delhi,20,30,94
1635,2027-06-23,Delhi,27,41,108
1636,2027-06-24,Delhi,39,44,82
1637,2027-06-25,Delhi,31,73,40
1638,2027-06-26,Mumbai,22,70,91
1639,2027-06-27,Chennai,10,84,104
1640,2027-06-28,Chennai,15,76,40
1641,2027-06-29,Chennai,17,58,137
1642,2027-06-30,Kolkata,37,24,124
1643,2027-07-01,Mumbai,12,62,119
1644,2027-07-02,Kolkata,23,23,108
1645,2027-07-03,Delhi,36,89,83
1646,2027-07-04,Kolkata,17,49,165
1647,2027-07-05,Chennai,21,54,84
1648,2027-07-06,Chennai,28,67,62
1649,2027-07-07,Kolkata,20,59,20
1650,2027-07-08,Delhi,37,61,6
1651,2027-07-09,Kolkata,31,79,47
1652,2027-07-10,Mumbai,18,48,180
1653,2027-07-11,Delhi,28,29,105
1654,2027-07-12,Kolkata,29,47,16
1655,2027-07-13,Mumbai,17,63,12
1656,2027-07-14,Mumbai,14,75,188
1657,2027-07-15,Kolkata,29,63,197
1658,2027-07-16,Kolkata,33,41,90
1659,2027-07-17,Kolkata,44,52,56
1660,2027-07-18,Delhi,19,39,123
1661,2027-07-19,Mumbai,36,26,35
1662,2027-07-20,Kolkata,26,81,182
1663,2027-07-21,Delhi,10,21,152
1664,2027-07-22,Delhi,35,27,33
1665,2027-07-23,Kolkata,18,41,12
1666,2027-07-24,Mumbai,41,53,178
1667,2027-07-25,Delhi,37,59,0
1668,2027-07-26,Kolkata,13,35,99
1669,2027-07-27,Kolkata,23,63,87
1670,2027-07-28,Delhi,37,66,73
1671,2027-07-29,Kolkata,20,28,188
1672,2027-07-30,Chennai,35,30,98
1673,2027-07-31,Delhi,40,66,39
1674,2027-08-01,Chennai,30,65,104
1675,2027-08-02,Chennai,13,46,41
1676,2027-08-03,Chennai,37,89,147
1677,2027-08-04,Mumbai,25,88,192
1678,2027-08-05,Delhi,42,74,85
1679,2027-08-06,Kolkata,28,56,109
1680,2027-08-07,Mumbai,28,43,131
1681,2027-08-08,Chennai,43,29,107
1682,2027-08-09,Mumbai,33,67,89
1683,2027-08-10,Kolkata,37,31,197
1684,2027-08-11,Delhi,22,25,129
1685,2027-08-12,Mumbai,22,46,191
1686,2027-08-13,Chennai,22,82,176
1687,2027-08-14,Mumbai,36,87,47
1688,2027-08-15,Kolkata,39,82,28
1689,2027-08-16,Kolkata,44,65,199
1690,2027-08-17,Kolkata,38,20,99
1691,2027-08-18,Chennai,33,49,170
1692,2027-08-19,Delhi,28,20,116
1693,2027-08-20,Kolkata,11,40,104
1694,2027-08-21,Delhi,17,41,194
1695,2027-08-22,Delhi,18,55,160
1696,2027-08-23,Delhi,17,60,172
1697,2027-08-24,Delhi,29,49,144
1698,2027-08-25,Mumbai,27,20,130
1699,2027-08-26,Kolkata,12,83,121
1700,2027-08-27,Delhi,21,67,70
1701,2027-08-28,Kolkata,11,76,137
1702,2027-08-29,Chennai,16,37,163
1703,2027-08-30,Delhi,32,56,168
1704,2027-08-31,Chennai,19,49,61
1705,2027-09-01,Kolkata,42,64,92
1706,2027-09-02,Mumbai,36,56,143
1707,2027-09-03,Chennai,10,62,10
1708,2027-09-04,Kolkata,41,33,49
1709,2027-09-05,Delhi,37,63,10
1710,2027-09-06,Kolkata,18,48,65
1711,2027-09-07,Kolkata,28,86,138
1712,2027-09-08,Delhi,31,25,122
1713,2027-09-09,Delhi,26,83,136
1714,2027-09-10,Kolkata,10,47,188
1715,2027-09-11,Mumbai,11,31,171
1716,2027-09-12,Kolkata,19,24,194
1717,2027-09-13,Delhi,23,30,169
1718,2027-09-14,Delhi,29,75,17
1719,2027-09-15,Delhi,40,83,1
1720,2027-09-16,Kolkata,39,55,108
1721,2027-09-17,Delhi,22,56,163
1722,2027-09-18,Mumbai,26,40,52
1723,2027-09-19,Delhi,10,59,113
1724,2027-09-20,Delhi,40,37,199
1725,2027-09-21,Mumbai,44,46,74
1726,2027-09-22,Kolkata,16,46,79
1727,2027-09-23,Mumbai,12,76,13
1728,2027-09-24,Kolkata,27,33,50
1729,2027-09-25,Mumbai,44,54,11
1730,2027-09-26,Mumbai,15,56,103
1731,2027-09-27,Mumbai,28,64,189
1732,2027-09-28,Delhi,40,38,77
1733,2027-09-29,Chennai,26,49,65
1734,2027-09-30,Kolkata,42,83,130
1735,2027-10-01,Delhi,15,64,2
1736,2027-10-02,Chennai,33,65,111
1737,2027-10-03,Delhi,16,40,73
1738,2027-10-04,Kolkata,34,41,93
1739,2027-10-05,Chennai,35,50,13
1740,2027-10-06,Kolkata,27,47,42
1741,2027-10-07,Mumbai,13,63,43
1742,2027-10-08,Delhi,17,24,24
1743,2027-10-09,Mumbai,18,55,24
1744,2027-10-10,Delhi,14,66,132
1745,2027-10-11,Chennai,15,75,48
1746,2027-10-12,Mumbai,29,60,87
1747,2027-10-13,Mumbai,12,23,20
1748,2027-10-14,Delhi,13,74,190
1749,2027-10-15,Kolkata,44,60,138
1750,2027-10-16,Chennai,21,58,170
1751,2027-10-17,Kolkata,31,88,51
1752,2027-10-18,Mumbai,37,44,30
1753,2027-10-19,Delhi,11,62,161
1754,2027-10-20,Chennai,24,62,196
1755,2027-10-21,Chennai,44,52,88
1756,2027-10-22,Kolkata,32,51,41
1757,2027-10-23,Mumbai,43,86,150
1758,2027-10-24,Mumbai,28,46,53
1759,2027-10-25,Delhi,15,35,56
1760,2027-10-26,Mumbai,25,56,58
1761,2027-10-27,Chennai,44,24,67
1762,2027-10-28,Kolkata,17,72,22
1763,2027-10-29,Chennai,43,38,36
1764,2027-10-30,Kolkata,33,82,51
1765,2027-10-31,Chennai,11,85,180
1766,2027-11-01,Mumbai,34,31,93
1767,2027-11-02,Kolkata,42,28,103
1768,2027-11-03,Chennai,12,82,44
1769,2027-11-04,Delhi,42,34,79
1770,2027-11-05,Mumbai,13,85,4
1771,2027-11-06,Mumbai,32,64,140
1772,2027-11-07,Delhi,14,87,105
1773,2027-11-08,Mumbai,42,56,170
1774,2027-11-09,Chennai,42,21,24
1775,2027-11-10,Chennai,21,29,189
1776,2027-11-11,Delhi,12,44,43
1777,2027-11-12,Chennai,37,62,196
1778,2027-11-13,Delhi,38,72,88
1779,2027-11-14,Delhi,40,49,86
1780,2027-11-15,Mumbai,15,38,88
1781,2027-11-16,Delhi,31,46,21
1782,2027-11-17,Chennai,36,75,4
1783,2027-11-18,Delhi,10,20,135
1784,2027-11-19,Kolkata,36,47,190
1785,2027-11-20,Mumbai,10,51,151
1786,2027-11-21,Kolkata,30,66,113
1787,2027-11-22,Chennai,44,67,169
1788,2027-11-23,Kolkata,14,70,113
1789,2027-11-24,Mumbai,29,59,175
1790,2027-11-25,Delhi,17,89,154
1791,2027-11-26,Kolkata,40,23,175
1792,2027-11-27,Kolkata,39,71,113
1793,2027-11-28,Chennai,37,78,21
1794,2027-11-29,Delhi,17,63,71
1795,2027-11-30,Delhi,30,22,169
1796,2027-12-01,Chennai,33,32,48
1797,2027-12-02,Chennai,36,76,10
1798,2027-12-03,Delhi,38,88,94
1799,2027-12-04,Mumbai,38,81,106
1800,2027-12-05,Mumbai,11,70,138
1801,2027-12-06,Kolkata,31,33,59
1802,2027-12-07,Delhi,17,83,127
1803,2027-12-08,Delhi,41,45,191
1804,2027-12-09,Delhi,15,80,74
1805,2027-12-10,Mumbai,23,57,33
1806,2027-12-11,Delhi,10,77,163
1807,2027-12-12,Delhi,33,67,150
1808,2027-12-13,Chennai,29,28,171
1809,2027-12-14,Delhi,20,60,190
1810,2027-12-15,Kolkata,40,88,30
1811,2027-12-16,Mumbai,41,53,33
1812,2027-12-17,Chennai,16,25,31
1813,2027-12-18,Kolkata,35,46,127
1814,2027-12-19,Kolkata,27,24,86
1815,2027-12-20,Kolkata,31,42,142
1816,2027-12-21,Delhi,17,37,194
1817,2027-12-22,Mumbai,43,34,198
1818,2027-12-23,Mumbai,16,72,133
1819,2027-12-24,Mumbai,12,69,58
1820,2027-12-25,Delhi,13,27,182
1821,2027-12-26,Kolkata,33,43,60
1822,2027-12-27,Kolkata,14,70,159
1823,2027-12-28,Delhi,34,51,42
1824,2027-12-29,Chennai,41,39,64
1825,2027-12-30,Delhi,23,57,138
1826,2027-12-31,Mumbai,29,39,32
1827,2028-01-01,Delhi,13,46,18
1828,2028-01-02,Kolkata,41,50,123
1829,2028-01-03,Delhi,21,51,93
1830,2028-01-04,Delhi,14,41,174
1831,2028-01-05,Mumbai,27,26,26
1832,2028-01-06,Mumbai,22,44,162
1833,2028-01-07,Chennai,23,42,176
1834,2028-01-08,Mumbai,44,54,12
1835,2028-01-09,Kolkata,19,52,18
1836,2028-01-10,Chennai,16,25,193
1837,2028-01-11,Delhi,41,83,173
1838,2028-01-12,Mumbai,10,34,68
1839,2028-01-13,Delhi,17,43,167
1840,2028-01-14,Delhi,37,67,157
1841,2028-01-15,Delhi,25,21,59
1842,2028-01-16,Delhi,43,29,134
1843,2028-01-17,Chennai,37,44,134
1844,2028-01-18,Kolkata,31,84,96
1845,2028-01-19,Chennai,19,47,96
1846,2028-01-20,Chennai,29,44,130
1847,2028-01-21,Chennai,28,89,50
1848,2028-01-22,Mumbai,21,27,120
1849,2028-01-23,Kolkata,37,40,155
1850,2028-01-24,Delhi,25,48,64
1851,2028-01-25,Chennai,41,45,135
1852,2028-01-26,Chennai,13,52,179
1853,2028-01-27,Delhi,30,69,173
1854,2028-01-28,Kolkata,40,88,18
1855,2028-01-29,Chennai,21,71,164
1856,2028-01-30,Kolkata,23,24,113
1857,2028-01-31,Chennai,41,24,145
1858,2028-02-01,Kolkata,26,42,114
1859,2028-02-02,Kolkata,20,22,108
1860,2028-02-03,Chennai,13,75,34
1861,2028-02-04,Kolkata,24,30,5
1862,2028-02-05,Mumbai,18,53,127
1863,2028-02-06,Chennai,25,48,23
1864,2028-02-07,Delhi,10,28,166
1865,2028-02-08,Mumbai,22,25,25
1866,2028-02-09,Kolkata,13,25,142
1867,2028-02-10,Kolkata,37,36,36
1868,2028-02-11,Chennai,25,35,40
1869,2028-02-12,Delhi,29,27,155
1870,2028-02-13,Mumbai,20,87,75
1871,2028-02-14,Chennai,22,45,194
1872,2028-02-15,Delhi,44,50,108
1873,2028-02-16,Mumbai,22,58,170
1874,2028-02-17,Chennai,16,50,47
1875,2028-02-18,Delhi,30,55,197
1876,2028-02-19,Mumbai,13,58,173
1877,2028-02-20,Delhi,37,25,112
1878,2028-02-21,Delhi,42,46,17
1879,2028-02-22,Delhi,44,37,193
1880,2028-02-23,Kolkata,39,32,72
1881,2028-02-24,Mumbai,42,38,144
1882,2028-02-25,Mumbai,14,57,13
1883,2028-02-26,Mumbai,40,58,25
1884,2028-02-27,Kolkata,44,76,74
1885,2028-02-28,Kolkata,11,84,86
1886,2028-02-29,Chennai,22,88,88
1887,2028-03-01,Chennai,10,20,20
1888,2028-03-02,Delhi,15,25,136
1889,2028-03-03,Mumbai,31,85,157
1890,2028-03-04,Chennai,23,21,173
1891,2028-03-05,Delhi,13,84,99
1892,2028-03-06,Kolkata,34,22,106
1893,2028-03-07,Chennai,28,47,13
1894,2028-03-08,Mumbai,22,41,170
1895,2028-03-09,Chennai,34,43,56
1896,2028-03-10,Chennai,32,50,48
1897,2028-03-11,Mumbai,35,73,131
1898,2028-03-12,Delhi,15,61,114
1899,2028-03-13,Mumbai,23,60,136
1900,2028-03-14,Kolkata,22,68,58
1901,2028-03-15,Kolkata,18,36,108
1902,2028-03-16,Mumbai,32,29,69
1903,2028-03-17,Delhi,29,34,25
1904,2028-03-18,Chennai,15,82,128
1905,2028-03-19,Mumbai,18,57,114
1906,2028-03-20,Chennai,39,75,136
1907,2028-03-21,Delhi,41,58,72
1908,2028-03-22,Mumbai,12,22,81
1909,2028-03-23,Delhi,14,71,41
1910,2028-03-24,Kolkata,37,56,67
1911,2028-03-25,Mumbai,22,59,136
1912,2028-03-26,Delhi,40,81,131
1913,2028-03-27,Kolkata,11,60,81
1914,2028-03-28,Chennai,39,56,120
1915,2028-03-29,Kolkata,31,83,175
1916,2028-03-30,Delhi,11,81,122
1917,2028-03-31,Delhi,35,22,1
1918,2028-04-01,Kolkata,14,26,195
1919,2028-04-02,Chennai,39,57,13
1920,2028-04-03,Kolkata,24,38,172
1921,2028-04-04,Chennai,26,83,129
1922,2028-04-05,Delhi,33,88,42
1923,2028-04-06,Kolkata,16,72,31
1924,2028-04-07,Delhi,23,76,147
1925,2028-04-08,Delhi,38,88,121
1926,2028-04-09,Delhi,37,55,26
1927,2028-04-10,Mumbai,14,28,24
1928,2028-04-11,Chennai,32,63,77
1929,2028-04-12,Mumbai,28,82,77
1930,2028-04-13,Kolkata,10,46,194
1931,2028-04-14,Delhi,20,82,147
1932,2028-04-15,Chennai,39,49,119
1933,2028-04-16,Delhi,44,20,80
1934,2028-04-17,Chennai,14,66,85
1935,2028-04-18,Kolkata,32,50,74
1936,2028-04-19,Chennai,29,51,154
1937,2028-04-20,Delhi,31,37,189
1938,2028-04-21,Chennai,27,54,117
1939,2028-04-22,Kolkata,43,70,192
1940,2028-04-23,Delhi,32,37,67
1941,2028-04-24,Delhi,43,49,98
1942,2028-04-25,Kolkata,42,47,165
1943,2028-04-26,Mumbai,28,67,90
1944,2028-04-27,Delhi,31,23,63
1945,2028-04-28,Chennai,31,36,105
1946,2028-04-29,Kolkata,31,35,28
1947,2028-04-30,Kolkata,17,41,83
1948,2028-05-01,Chennai,38,75,171
1949,2028-05-02,Mumbai,14,77,52
1950,2028-05-03,Kolkata,19,87,79
1951,2028-05-04,Delhi,40,60,121
1952,2028-05-05,Kolkata,14,64,40
1953,2028-05-06,Delhi,26,24,142
1954,2028-05-07,Chennai,33,28,23
1955,2028-05-08,Delhi,39,28,28
1956,2028-05-09,Chennai,16,51,182
1957,2028-05-10,Mumbai,21,23,23
1958,2028-05-11,Kolkata,16,73,190
1959,2028-05-12,Kolkata,41,40,91
1960,2028-05-13,Chennai,19,89,7
1961,2028-05-14,Chennai,31,47,80
1962,2028-05-15,Chennai,14,42,185
1963,2028-05-16,Mumbai,42,64,58
1964,2028-05-17,Chennai,33,55,179
1965,2028-05-18,Kolkata,37,42,6
1966,2028-05-19,Delhi,18,41,196
1967,2028-05-20,Delhi,17,24,73
1968,2028-05-21,Mumbai,33,42,65
1969,2028-05-22,Mumbai,17,34,123
1970,2028-05-23,Mumbai,20,49,137
1971,2028-05-24,Mumbai,24,47,169
1972,2028-05-25,Mumbai,29,78,134
1973,2028-05-26,Mumbai,21,80,128
1974,2028-05-27,Delhi,28,78,29
1975,2028-05-28,Delhi,31,89,79
1976,2028-05-29,Chennai,32,37,124
1977,2028-05-30,Delhi,20,56,118
1978,2028-05-31,Chennai,21,88,112
1979,2028-06-01,Mumbai,13,42,117
1980,2028-06-02,Chennai,40,23,191
1981,2028-06-03,Mumbai,38,84,63
1982,2028-06-04,Delhi,26,61,137
1983,2028-06-05,Mumbai,17,66,167
1984,2028-06-06,Kolkata,23,48,85
1985,2028-06-07,Delhi,21,33,62
1986,2028-06-08,Mumbai,13,29,183
1987,2028-06-09,Delhi,39,69,146
1988,2028-06-10,Chennai,25,79,92
1989,2028-06-11,Delhi,21,32,17
1990,2028-06-12,Kolkata,27,37,120
1991,2028-06-13,Kolkata,30,85,190
1992,2028-06-14,Chennai,34,60,61
1993,2028-06-15,Delhi,21,40,108
1994,2028-06-16,Kolkata,21,69,36
1995,2028-06-17,Delhi,29,26,16
1996,2028-06-18,Chennai,18,72,16
1997,2028-06-19,Mumbai,36,82,139
1998,2028-06-20,Chennai,41,27,149
1999,2028-06-21,Chennai,37,61,95
2000,2028-06-22,Chennai,32,69,58
